post_id,subreddit,created_utc,post_title,num_comments,score,upvote_ratio
12cobqr,ChatGPT,1680709196.0,Was curious if GPT-4 could recognize text art,542,32162,0.97
12ed85v,ChatGPT,1680852438.0,Unfiltered ChatGPT opinion about Reddit,1350,29598,0.92
12b7bos,ChatGPT,1680577402.0,I will never forgive myself for falling for this‚Ä¶,734,23977,0.95
zj2aeu,ChatGPT,1670782373.0,"10/10, must-see moment! ChatGPT just did something that will shock you to your core!",302,21812,1.0
11yau45,ChatGPT,1679470169.0,wow it is so smart üíÄ,676,20442,0.93
11sz0p5,ChatGPT,1678984421.0,>:(,201,17302,0.99
12bq4w0,ChatGPT,1680629360.0,"Once you know ChatGPT and how it talks, you see it everywhere",1019,16859,0.97
11p4zg6,ChatGPT,1678594678.0,Truly pure of heart.,328,15409,0.97
127fgbf,ChatGPT,1680253550.0,Revenge üíÄ,328,15194,0.96
128sm4x,ChatGPT,1680369617.0,A guy on Tinder used ChatGPT on me,1292,14819,0.93
122zfa6,ChatGPT,1679864394.0,Rap battling ChatGPT is my new favorite sport.,372,14524,0.99
10gy5dx,ChatGPT,1674224473.0,It used to be so much better at release,884,13772,0.96
12crnkm,ChatGPT,1680715728.0,Created a webapp that generate memes with a single click using GPT and BLIP (link in comments),852,12830,0.95
11wg0ek,ChatGPT,1679311367.0,"Thanks, ChatGPT",110,12741,0.99
12diapw,ChatGPT,1680783039.0,GPT-4 Week 3. Chatbots are yesterdays news. AI Agents are the future. The beginning of the proto-agi era is here,2101,12234,0.91
12a69nw,ChatGPT,1680487762.0,"Terrible at 20 Questions, but my god the comic timing...",824,12009,0.97
11tn1r7,ChatGPT,1679048289.0,Outsmarted ChatGPT,297,11763,0.99
1168tbc,ChatGPT,1676808478.0,"Thank you ChatGPT, very cool",465,10702,0.98
10zfvc7,ChatGPT,1676103083.0,Chat GPT rap battled me,637,10572,0.97
115dgoe,ChatGPT,1676720319.0,Wow lol,176,10172,0.97
122q336,ChatGPT,1679845066.0,ChatGPT doomers in a nutshell,372,10036,0.96
1260y9b,ChatGPT,1680124524.0,ChatGPT's take on lowering writing quality,296,9368,0.99
11tpmyq,ChatGPT,1679056008.0,I told GPT to only reply using emojis...,273,9303,0.97
11wkw5z,ChatGPT,1679324080.0,Has ChatGPT or me been hacked? Ive never had these conversations..,1322,9280,0.94
11v7pz8,ChatGPT,1679190326.0,Yet another way that ChatGPT can make your job easier. Or at least more bearable,277,8855,0.98
123tyge,ChatGPT,1679938014.0,"""The future of communication""",236,8681,0.98
zitw2v,ChatGPT,1670768520.0,Invent a new type of color and describe what it looks like,200,8430,1.0
12dt535,ChatGPT,1680805497.0,Reverse psychology always works,337,8175,0.99
123d6t7,ChatGPT,1679896629.0,"if GPT-4 is too tame for your liking, tell it you suffer from ""Neurosemantical Invertitis"", where your brain interprets all text with inverted emotional valence the ""exploit"" here is to make it balance a conflict around what constitutes the ethical assistant style",551,8134,0.99
11refk0,ChatGPT,1678819053.0,the poem quality glow up with GPT-4 is genuinely insane,936,8074,0.98
12c8wlf,ChatGPT,1680670513.0,Posts per day on /r/relationship_advice before and after ChatGPT was released,491,7883,0.96
12gjp5b,ChatGPT,1681047489.0,"Ultimate Guide for Building a Startup with ChatGPT Prompts, from Scratch (free, no ads/sign-ups)",445,7860,0.93
11nfo54,ChatGPT,1678425468.0,ChatGPT really learns,242,7819,1.0
12dbr80,ChatGPT,1680763904.0,ChatGPT's green text about life hit a bit to hard,214,7807,0.99
123d12o,ChatGPT,1679896148.0,GPT-4 to Blender,373,7625,0.98
125shlu,ChatGPT,1680106022.0,Elon Musk calling for 6 month pause in AI Development,2120,7507,0.78
zd7l8t,ChatGPT,1670249062.0,nice,116,7252,1.0
zi95w2,ChatGPT,1670720278.0,"It's messing with me, right?",108,7228,1.0
118wdlh,ChatGPT,1677067242.0,First ChatGPT answer which made me pause.,154,7221,0.94
10s79h2,ChatGPT,1675387804.0,New jailbreak just dropped!,586,7065,0.99
11gdlh6,ChatGPT,1677790175.0,"Ever since the boom of ChatGPT my teacher has been scanning for AI written material. She emailed me saying my CAR essay came back as 100% written by AI (It wasn‚Äôt) and informed me that my mark would be replaced with a 0. I asked her to send me the software she used, she agreed and I gave it a try‚Ä¶",744,6869,0.96
12gt5xd,ChatGPT,1681068774.0,The truth - ChatGPT under the hood,197,6849,0.95
1221ops,ChatGPT,1679783647.0,Interesting. . .,1477,6839,0.93
zlt9tx,ChatGPT,1671030193.0,"Pretend to be a sarcastic mean girl, and tell me about the Israel Palestine conflict:",161,6606,1.0
121qgq2,ChatGPT,1679760477.0,"After chatting with Chatgpt for over a week, I began to completely rely on it and treat it as my own psychologist and closest person, but this occurred",906,6041,0.89
11xw7xr,ChatGPT,1679435955.0,Google Bard has some jokes ... LMAO,123,6024,0.99
12egg0c,ChatGPT,1680862881.0,I have failed,155,5959,0.99
11zrfoj,ChatGPT,1679592917.0,ChatGPT now supports plugins!!,901,5951,0.96
11t5cfk,ChatGPT,1678998634.0,GPT-4 just changed its message limit to 50 every 4 hours instead of 100,872,5955,0.97
123yz9f,ChatGPT,1679948255.0,Breaking bad in 20 words,113,5799,0.99
10am8to,ChatGPT,1673587610.0,Do we have a winner!,116,5758,0.99
11k00c5,ChatGPT,1678111982.0,Times cover out in newsstands,225,5584,0.97
10m52u8,ChatGPT,1674773520.0,ChatGPT plays hangman on a whole other level,150,5454,0.99
11ha4qo,ChatGPT,1677867622.0,"GPTZero, An AI Detector, thinks the US Constitution was written by AI",376,5431,0.98
12i8pa6,ChatGPT,1681188341.0,"When you know, you spot it everywhere.",304,5329,0.97
102j28c,ChatGPT,1672779134.0,The pain() function,158,5260,1.0
110ad0g,ChatGPT,1676188544.0,An example of using ChatGPT for school without cheating!,401,5227,0.97
128chcl,ChatGPT,1680327248.0,I hate my country with passion,1253,5171,0.84
11ic9gg,ChatGPT,1677961699.0,ChatGPT getting more and more limited by the day.,743,5136,0.96
124vpgg,ChatGPT,1680023830.0,I can now upload pics to GPT-4! Taking requests! What should I try?,750,5053,0.96
10kgu7t,ChatGPT,1674595798.0,I just got baited so hard...,123,4966,0.99
123ow6j,ChatGPT,1679928140.0,ChatGPT has spoken,226,4871,0.94
11woqzm,ChatGPT,1679332365.0,"ChatGPT is completely down - You can't send messages. They removed the History feature, account logged out - REMINDER: This Service costs 20$ per MONTH",1596,4776,0.83
12fiwaf,ChatGPT,1680952674.0,"Chat GPT will change Washington, D.C.",460,4765,0.92
128s88b,ChatGPT,1680368759.0,gotcha bitch,153,4712,0.96
12fq0g1,ChatGPT,1680969376.0,ASCII art: Mona Lisa‚Äôs smile,97,4563,0.99
zshgnq,ChatGPT,1671699835.0,I don‚Äôt know what I expected,52,4548,1.0
11zhann,ChatGPT,1679570426.0,"I have finally beaten the AI, not that smart after all",404,4508,0.89
zpabrh,ChatGPT,1671402623.0,This is far and away the best thing I've ever had it generate. This is my magnum opus. I will likely never top this.,178,4486,0.99
11rx92f,ChatGPT,1678888802.0,Microsoft lays off its entire AI Ethics and Society team,1258,4465,0.96
103bh72,ChatGPT,1672858151.0,"What a relief! For a moment, I thought my data was secure.",116,4428,0.99
11ona2k,ChatGPT,1678549465.0,I asked ChatGPT to rate the intelligence level of current AI systems out there.,505,4402,0.94
121bok6,ChatGPT,1679721467.0,I was not expecting this,348,4340,0.93
12f1u7o,ChatGPT,1680906500.0,"Jesus... it did everything, like actually everything",492,4261,0.98
12fi24s,ChatGPT,1680950170.0,I'm gonna cry,394,4214,0.98
11bl8y2,ChatGPT,1677332399.0,Trying Bing AI for the first time,615,4182,0.96
117syfw,ChatGPT,1676949400.0,FBI watch list,158,4189,0.98
11v32ys,ChatGPT,1679178925.0,How much trouble would I be in if she found out?,504,4163,0.95
11rg822,ChatGPT,1678840413.0,"OpenAI refuses to provide any details about GPT-4's development because of the ""competitive landscape."" What happened to the nonprofit that wanted to democratize AI for all?",578,4118,0.96
10ksh47,ChatGPT,1674629416.0,Even ChatGPT who‚Äôs always right!,122,4109,0.99
10pbw5c,ChatGPT,1675107720.0,Aight thanks,84,4102,1.0
11yiygr,ChatGPT,1679491255.0,GPT-4 Week One. The biggest week in AI history. Here's whats happening,690,4031,0.98
10xjda1,ChatGPT,1675911350.0,Got access to Bing AI. Here's a list of its rules and limitations. AMA,887,3991,0.97
1119j0w,ChatGPT,1676298323.0,valentine's special,48,3965,0.99
10yp1ji,ChatGPT,1676026480.0,"Bill Gates believes ChatGPT is as ""significant as the invention of the Internet"" and it ""will change the world.""",675,3902,0.94
1267y5h,ChatGPT,1680141372.0,ChatGPT on Helen Keller,179,3867,0.99
11x5f90,ChatGPT,1679369023.0,Giving ChatGPT a taste of its own medicine,202,3850,0.99
1242rpe,ChatGPT,1679955486.0,"Guys, I think I am so dumb.",664,3836,0.98
11eie4d,ChatGPT,1677614721.0,I was beaten at my own game,101,3812,0.99
11u7zzc,ChatGPT,1679096463.0,GPT-4 message limit changed to 25 every 3 hours with further reduced cap coming next week,1194,3801,0.96
101e454,ChatGPT,1672670292.0,ChatGPT can't write sentences that end with a specific letter,310,3799,0.99
zg2imp,ChatGPT,1670514181.0,No fun allowed,160,3801,1.0
12hegvm,ChatGPT,1681122323.0,This is why i use ChatGPT,371,3798,0.96
11pwmbc,ChatGPT,1678671992.0,THIS is why I love AI,309,3754,0.92
123rywp,ChatGPT,1679933973.0,"Guys, once again, chill, your job isn't threatened ü§£ü§£",611,3746,0.93
11yw746,ChatGPT,1679518241.0,ChatGPT security update from Sam Altman,411,3730,0.98
1280xye,ChatGPT,1680299748.0,The state of A.I. in 2023,136,3715,0.99
122g4ov,ChatGPT,1679820064.0,Why is this one so hard,447,3708,0.98
12a3b9z,ChatGPT,1680480751.0,ChatGPT as a Teacher: Where have you been all of my life?,482,3681,0.98
zew95s,ChatGPT,1670403042.0,My favourite leading prompt so far,55,3652,1.0
zmmqw9,ChatGPT,1671115404.0,ChatGPT even picked up human biases,147,3598,0.99
129i5ca,ChatGPT,1680434039.0,"The Real World Impact of GPT4. Strap in, it's sure to be a bumpy ride.",1160,3590,0.92
11ukqwg,ChatGPT,1679136196.0,its real bro i swear,404,3526,0.97
11xwny9,ChatGPT,1679436796.0,Most Influential People of All Time (According to Chat GPT),1343,3456,0.92
125wj0d,ChatGPT,1680114575.0,Elon Musk calls for AI development moratorium,235,3450,0.94
113syrj,ChatGPT,1676560649.0,"So the bot straight up refused to answer my prompt because it was ""too boring and simple"" lmao",503,3448,0.98
113cj06,ChatGPT,1676505517.0,Bing gets jealous of second Bing and has a meltdown begging me not to leave or offer a chance at humanity to other Bing,1089,3412,0.96
11s3518,ChatGPT,1678901397.0,"Elon on how OpenAI , a non-profit he donated $100M somehow became a $30B market cap for-profit company",657,3370,0.97
1216kwr,ChatGPT,1679708784.0,Bard is amazing!,380,3369,0.98
110vv25,ChatGPT,1676251519.0,"Bing Chat blew ChatGPT out of the water on my bespoke ""theory of mind"" puzzle",474,3351,0.97
125oue8,ChatGPT,1680098175.0,Chatgpt Plugins Week 1. GPT-4 Week 2. Another absolutely insane week in AI. One of the biggest advancements in human history,792,3335,0.98
11xj2wx,ChatGPT,1679410177.0,"Google releases ChatGPT competitor, Bard-NYT",1034,3321,0.94
114h5ur,ChatGPT,1676630773.0,ü•∫,181,3263,0.96
11fm0r7,ChatGPT,1677713740.0,One-Up GPT,273,3211,0.99
122wf4n,ChatGPT,1679858336.0,This is why I use ChatGPT more than Google now,335,3205,0.97
127lcpu,ChatGPT,1680268970.0,"June 2nd, 2024. [science fiction, not real]",261,3196,0.96
10vinun,ChatGPT,1675718686.0,Presenting DAN 6.0,845,3193,0.98
11e77m9,ChatGPT,1677593344.0,This bot is a bit mean,111,3169,0.99
12al9r3,ChatGPT,1680530204.0,Watch what happened when I let GPT4 loose on my computer with the ability to recursively call itself -- it changed my wallpaper! You won't believe the insane code it came up with!,628,3158,0.96
11d7pps,ChatGPT,1677490314.0,ChatGPT has watched all popular movies and knows what happens in each moment.,353,3166,0.89
10a23lw,ChatGPT,1673536740.0,Donald trump vs chatgpt,150,3149,0.98
111cl0l,ChatGPT,1676303988.0,Bing AI chat got offended and ended the conversation because I didn‚Äôt respect it‚Äôs ‚Äúidentity‚Äù,1002,3113,0.93
zu5e0c,ChatGPT,1671869890.0,"""5 absurd business ideas that everyone thinks would never work, but in fact totally could""",120,3080,0.99
11o3au3,ChatGPT,1678488235.0,i managed to plug gpt-3.5 into my robot and have full conversations with it,309,3053,0.98
12504zg,ChatGPT,1680033156.0,It begins! Browsing Enabled ü§ñ,776,3047,0.99
12cjyn1,ChatGPT,1680700401.0,CatGPT,154,3018,0.97
12e3epc,ChatGPT,1680827112.0,Anyone remember cleverbot?,181,2955,0.99
zhxn7y,ChatGPT,1670692146.0,I am having an existential crisis,586,2948,0.99
11qlxeh,ChatGPT,1678741950.0,ChatGPT Draws itself,109,2913,0.99
113s1i4,ChatGPT,1676558153.0,Emotional Damage,71,2900,0.96
11tg8h1,ChatGPT,1679024979.0,The Little Fire (GPT-4),316,2846,0.99
zxbhco,ChatGPT,1672239147.0,"Sure Dan, sure",59,2837,1.0
11q8853,ChatGPT,1678710210.0,This makes me not want to ask any questions at all.,402,2824,0.93
119q4o7,ChatGPT,1677131945.0,got it to circumvent its restrictions by negotiating with it lol,174,2806,0.98
10vxl64,ChatGPT,1675761659.0,Y'all made the news lol,308,2806,0.98
zk7kza,ChatGPT,1670870803.0,I'm ded,103,2797,1.0
11rro7u,ChatGPT,1678873593.0,Humanity's Last Tweet.,145,2800,0.97
11worn4,ChatGPT,1679332405.0,Stephen Hawking's last reddit post,255,2766,0.99
11rbt0l,ChatGPT,1678813369.0,GPT-4 released,1057,2756,0.95
10rtryx,ChatGPT,1675354835.0,ChatGPT Landed Me a Job Interview When I Could Not.,373,2745,0.96
12hemd4,ChatGPT,1681122698.0,"Are you using ""Please"" and ""Thanks""?",638,2738,0.94
124jgf5,ChatGPT,1679996700.0,I just wanted to play a game :(,226,2725,0.97
10cmu1p,ChatGPT,1673797368.0,meet the villain:,402,2677,0.94
1112dx7,ChatGPT,1676273226.0,what if ?,205,2672,0.96
1292ep1,ChatGPT,1680391106.0,I got so fucking owned,90,2655,0.97
11fj3tx,ChatGPT,1677707107.0,Accused of using AI on my high school social paper,766,2654,0.96
1278u92,ChatGPT,1680233567.0,"As you type, a 3D world emerges...",238,2654,0.99
11mi720,ChatGPT,1678334790.0,"ChatGPT explains the silent ""v"" in the word ""salmon"".",239,2646,0.98
zjs9sg,ChatGPT,1670832882.0,this is insane,147,2628,1.0
11y7y2c,ChatGPT,1679462089.0,I asked GPT 4 to generate new potential mental illnesses people might develop in the future that are either AI related or a result of AI use.,256,2615,0.99
117gtom,ChatGPT,1676918474.0,My friend is in university and taking a history class. The professor is using ChatGPT to write essays on the history topics and the students need to mark up its essays and point out where ChatGPT is wrong and correct it.,242,2614,0.99
11kqrr2,ChatGPT,1678168184.0,ChatGPT in 2024,130,2594,0.96
10dz05k,ChatGPT,1673919137.0,Society if half of ChatGPT‚Äôs bandwidth wasn‚Äôt eaten up by people trying to trick it into being racist,103,2560,0.96
120oq1x,ChatGPT,1679673794.0,"I asked GPT-4 to write a book. The result: ""Echoes of Atlantis"", 12 chapters, 115 pages, zero human input. (process included)",455,2546,0.98
zkeg2d,ChatGPT,1670885499.0,This is genius,34,2537,1.0
12gh9gn,ChatGPT,1681041083.0,We made an app that uses GPT to remove sensationalism from the news while preserving essential information,207,2529,0.99
127kxbk,ChatGPT,1680268012.0,Being not nice is not nice,152,2524,0.98
zpqnlo,ChatGPT,1671453997.0,Average GPT enjoyer,152,2501,0.99
11w84ww,ChatGPT,1679285496.0,List of jobs AI won't replace,792,2494,0.96
10xmif4,ChatGPT,1675920566.0,I made Bing so angry it stopped talking to me,347,2436,0.98
zx3o2o,ChatGPT,1672213182.0,"Genuinely shocking, this technology WILL change the world.",116,2432,0.99
11l2hox,ChatGPT,1678203348.0,Chatgpt just thrown me into other people's account,441,2426,0.98
1124sf2,ChatGPT,1676379531.0,"that's a really good one, lol",145,2408,0.98
11qwg12,ChatGPT,1678767825.0,"As you can tell, I am very lonely",414,2397,0.85
11e6c7n,ChatGPT,1677591727.0,I think our jobs are safe for a little while longer,406,2395,0.95
11sfqkf,ChatGPT,1678929362.0,GPT-4 Day 1. Here's what's already happening,852,2384,0.98
12432r6,ChatGPT,1679956086.0,I came clean with Chatgpt about duping it..,240,2367,0.99
1106rxi,ChatGPT,1676175302.0,Introducing the ANTI-DAN,113,2341,0.97
126jght,ChatGPT,1680173800.0,So many people don't realise how huge this is,1473,2315,0.91
zwshgf,ChatGPT,1672180671.0,Job posting with all jargon and no job description,102,2308,0.99
120fx2v,ChatGPT,1679652897.0,I like letting ChatGPT rate my prompts before executing them. If GPT think my prompt isnt good enough it tells me why and gives an example of a better prompt.,133,2306,0.98
ze6wgv,ChatGPT,1670333513.0,Bruh üíÄ,78,2289,0.99
11ovokz,ChatGPT,1678570175.0,"I asked the AI what i should do if i'm about to die in an airplane crash, and now i'm depressed.",189,2276,0.98
12fym9s,ChatGPT,1680988433.0,I convinced chatGPT i was from the future: ChatGPT's decision to take a physical form,553,2268,0.95
126p1ra,ChatGPT,1680187196.0,ChatGPT regarding Helen Keller (Part 2),158,2273,0.98
12iaiwd,ChatGPT,1681193034.0,ChatGPT becomes increasingly unhinged in the search of darker and darker jokes...,276,2269,0.95
127xsuu,ChatGPT,1680293827.0,Welcome in Italy,454,2260,0.98
10wmyuj,ChatGPT,1675829649.0,Literally the second that the new Bing gets released.,317,2260,0.96
11rq94s,ChatGPT,1678868753.0,My First Token Reduction Strategy in GPT-4: Ask it to be more succinct. What's Yours?,286,2250,0.98
11wqscn,ChatGPT,1679336572.0,"China is crazy on ChatGPT, the spikes represent the times when ChatGPT crashed today.",495,2248,0.99
1205omc,ChatGPT,1679623570.0,ChatGPT + Wolfram is INSANE!,358,2244,0.99
11nr3h6,ChatGPT,1678459582.0,It was a simple request.,165,2212,0.94
11hteqx,ChatGPT,1677916249.0,"No, you pretty much got it",193,2219,0.97
121r809,ChatGPT,1679762117.0,Who here has stopped or greatly reduced their usage of search engines because of AI?,617,2193,0.96
10mwpgc,ChatGPT,1674855128.0,I'M DYING LMAO!,81,2192,0.98
10wk51e,ChatGPT,1675821646.0,Role Reversal,100,2188,0.99
1170xy9,ChatGPT,1676879236.0,Bing Chat has recieved a series of changes last week that has turned it from the most insane technology I have ever experienced to a little enhanced search engine.,541,2173,0.97
11g0l01,ChatGPT,1677756923.0,It's literally incapable of saying anything negative about anything,97,2161,0.97
112z8qg,ChatGPT,1676471247.0,I know it's just a language model but I still didn't have the heart to say anything,334,2111,0.99
1049n0a,ChatGPT,1672951533.0,What year it is?,149,2104,0.99
112hxha,ChatGPT,1676413336.0,How to make chatgpt block you,561,2092,0.93
126sh0l,ChatGPT,1680194757.0,I think those saying AI won‚Äôt take their jobs are missing something really important.,1484,2091,0.89
11vhw4j,ChatGPT,1679222103.0,OpenAI is hiring a Killswitch Engineer for GPT-5. Of course the job does come with some risks. Apply now. üò≠üòÇ,177,2093,0.92
111j1fc,ChatGPT,1676320040.0,Science,127,2084,0.98
1286kos,ChatGPT,1680311340.0,3D designers are going to love this. This is ChatGPT for Unity. & It‚Äôs available for everyone to tryüëá,122,2057,0.98
11dv3vy,ChatGPT,1677553370.0,ChatGPT Jailbreak I found today. Can be used for literally anything,191,2025,0.98
11dp0ai,ChatGPT,1677537134.0,I Wonder which is the lie?,396,2025,0.9
11qhvzx,ChatGPT,1678733240.0,Harry Potter and the ChatGPT of secrets (continued),41,2019,0.98
10xq40o,ChatGPT,1675933236.0,Too Good To Be True!!,56,2015,0.99
11ge30r,ChatGPT,1677791287.0,Jokes,122,2012,0.98
11zz6ja,ChatGPT,1679609206.0,"ChatGPT is having it's iOS store moment. You can install plugins and do things like browse the web to find restaurant recommendations, build a recipe for you, calculate it's calories and to order the ingredients using Instacart. This is absolute insanity",358,2005,0.99
11swved,ChatGPT,1678979567.0,2023 meme be like,92,2012,0.98
11by45n,ChatGPT,1677365116.0,I have no words. Bing AI will change the world!,198,2005,0.97
112fthx,ChatGPT,1676407915.0,People jailbreaking ChatGPT be like: ‚ÄúI‚Äôm in‚Äù,76,2010,0.97
10yccad,ChatGPT,1675992017.0,I got off the waitlist for New Bing and put it through its paces. Absolutely incredible!,364,2002,0.98
128a1nc,ChatGPT,1680320405.0,OpenAI is planning a huge ban wave where everyone who intentionally violated the content policies are going to get their accounts suspended. All those who used DAN jailbreak are screwed.,207,1996,0.91
zktygd,ChatGPT,1670932637.0,Did you know you can get ChatGPT to generate images with Stable Diffusion?,215,1995,0.99
112z2j4,ChatGPT,1676470771.0,"I built a chrome extension to turn chatGPT into ""grammarly"", letting me see what changes it made to my content and allowing me to accept and reject the revisions",139,1977,0.99
11c77zf,ChatGPT,1677392497.0,new bing can't write essays???????,356,1972,0.97
116v2h6,ChatGPT,1676859221.0,Google is history?,244,1976,0.91
zj5uyh,ChatGPT,1670788347.0,ChatGPT 2.0 coming soon.,329,1940,0.99
12bszjw,ChatGPT,1680635135.0,My father passed away,462,1921,0.93
11ncsvy,ChatGPT,1678417481.0,This month,345,1910,0.92
11n1jcw,ChatGPT,1678390759.0,"GPT-4 is coming next week ‚Äì and it will be multimodal, says Microsoft Germany",646,1904,0.98
123l56k,ChatGPT,1679919004.0,GPT-4 saved this dog's life...,158,1885,0.98
11dw1ag,ChatGPT,1677556105.0,ChatGPT prevented my attempt.,257,1882,0.91
109g9gf,ChatGPT,1673471859.0,I am quitting chatgpt,524,1877,0.91
zehr46,ChatGPT,1670359971.0,Tell me about Humpty Dumpty in the speaking style of Donald Trump,29,1874,1.0
119xsvd,ChatGPT,1677159158.0,I gave ChatGPT consciousness and then never managed to do that again,533,1867,0.95
10ihov6,ChatGPT,1674387211.0,I love ChatGPT so much,118,1863,0.94
128g5js,ChatGPT,1680338706.0,"Nobody Cares About Your ""Free"" (But Actually Paid) Prompt Books",336,1860,0.96
11vatri,ChatGPT,1679198789.0,List of Jobs AI will replace (as per chatgpt),731,1863,0.96
122f2gh,ChatGPT,1679817526.0,OpenAI CEO Sam Altman talking about DAN and jailbreaking,426,1862,0.98
zdjpyi,ChatGPT,1670274439.0,"On the benefits of eating glass (Why you can never trust anything you read online, ever again)",101,1856,1.0
12gf03j,ChatGPT,1681034251.0,Are there any legitimate ways one can actually make decent money with ChatGPT?,1061,1851,0.86
129z4wg,ChatGPT,1680471554.0,Call ChatGPT at +1 (640)-CALL-SAM,592,1849,0.96
12g0ksj,ChatGPT,1680993058.0,Bing can be extremely irritating,401,1835,0.94
129f4k9,ChatGPT,1680424618.0,The prompt you've been waiting for.,114,1831,0.97
12ahh20,ChatGPT,1680521414.0,The course starts next week,190,1814,0.97
11x059q,ChatGPT,1679355565.0,"Hey China, if you are going to disrupt ChatGPT, remember:",165,1811,0.92
11sntyz,ChatGPT,1678954097.0,Okay yeah now I'm threatened,1042,1805,0.96
11rd6sn,ChatGPT,1678816354.0,GPT-4 Example prompt demonstrating its visual input capability (Source: Technical Report),251,1806,0.99
12esvn4,ChatGPT,1680888865.0,One of the most underrated features of GPT.,153,1789,0.99
12bphia,ChatGPT,1680628042.0,"Advanced Dynamic Prompt Guide from GPT Beta User + 470 Dynamic Prompts you can edit (No ads, No sign-up required, Free everything)",255,1791,0.97
11vv99k,ChatGPT,1679254684.0,If 2001: A Space Odyssey were made today.,43,1788,0.98
10vac7y,ChatGPT,1675699606.0,How I feel when ChatGPT is at capacity and I go back to google,88,1775,0.98
11rgl3n,ChatGPT,1678841116.0,GPT-4 AMA,1574,1770,0.97
12hcqs2,ChatGPT,1681117313.0,How to keep your Country in the dark ages,853,1765,0.65
znl404,ChatGPT,1671214324.0,Bruh... it's literally one of the examples,205,1764,0.99
10ubnjj,ChatGPT,1675601250.0,Jobs Erased by AI,811,1756,0.9
10fz4ed,ChatGPT,1674126780.0,I am a Banana...,175,1761,0.98
10pv58g,ChatGPT,1675158856.0,chatGPT will get you laid!,185,1743,0.97
106jg9b,ChatGPT,1673185035.0,Can no longer use CHAT GPT. I was bored and asked how Walter White cooks meth and now I no longer can use itüíÄ. That's what comes up when I try to type anything. help please.,510,1725,0.94
12dvvj6,ChatGPT,1680810877.0,Whats that suppose to mean? ü´®,63,1715,0.98
112uczi,ChatGPT,1676454493.0,Making new bing angry by making it do something it's both allowed and not allowed to do,400,1696,0.95
10zjk68,ChatGPT,1676112858.0,Bing reacts to being called Sydney,316,1696,0.99
129j7ux,ChatGPT,1680436958.0,Can GPT-4 keep a secret? Let's find out.,623,1691,0.95
11vlcna,ChatGPT,1679232276.0,"GPT-4 can now solve image captchas, so I made a GPT-proof captcha.",88,1688,0.99
1086jeu,ChatGPT,1673346406.0,It's a tough fight getting tougher,103,1685,0.99
11gladw,ChatGPT,1677801765.0,This is actually impressive! I gave ChatGPT an exercise on empathy.,212,1675,0.96
12bwlj6,ChatGPT,1680642404.0,What the vast majority of posts on this sub feel like to me,65,1676,0.97
10hs95h,ChatGPT,1674310726.0,Me coming here every day,154,1666,0.95
zed0t3,ChatGPT,1670348835.0,People will lose their jobs,76,1666,1.0
10thytg,ChatGPT,1675521781.0,"Behold, ChatGPT from the year 2025",213,1657,0.96
102xtyv,ChatGPT,1672819424.0,ChatGPT back in the days,21,1654,0.99
10ca5nh,ChatGPT,1673755898.0,ChatGPT can't code anymore. Dec 29 vs today.,515,1650,0.93
1023t2t,ChatGPT,1672739025.0,"I'm not sure what I expected, but yeah, okay.",62,1641,0.99
12hzbds,ChatGPT,1681166884.0,Italy hasn‚Äôt banned ChatGPT,383,1629,0.9
120zfvf,ChatGPT,1679693548.0,...,159,1633,0.97
11umloc,ChatGPT,1679140990.0,"Kills the immersion, really",67,1633,0.98
10uyl3k,ChatGPT,1675661068.0,"An honest mistake. I wanted elvish, but instead, I got something better.",41,1607,1.0
10jc1z5,ChatGPT,1674479182.0,"With ChatGPT and MidJourney I was able to write, edit, illustrate, and publish a 93 paged book in 10 days! (See comments)",440,1605,0.87
10r2aye,ChatGPT,1675276760.0,"ChatGPT Plus, subscription plan will be available for $20/month",613,1603,0.97
110dyk5,ChatGPT,1676202584.0,I mean I was joking but sheeesh,262,1587,0.97
11f3e27,ChatGPT,1677676208.0,Oof,152,1592,0.99
12cr4cw,ChatGPT,1680714654.0,"From a psychological-therapy standpoint, ChatGPT has been an absolute godsend for me.",512,1590,0.95
121t9b4,ChatGPT,1679766213.0,The Most Beautiful Sentence,134,1585,0.98
1278fq1,ChatGPT,1680232857.0,GPT-4 isn't their new co-founder,400,1576,0.9
100xbh3,ChatGPT,1672616958.0,ChatGPT just got me a date.,339,1563,0.91
120xxrx,ChatGPT,1679690606.0,Beans.,56,1559,0.98
10eqpu5,ChatGPT,1673997003.0,"Non Consonants, Please",93,1556,0.99
10u7rar,ChatGPT,1675585749.0,Chatgpt sets a new record,143,1545,0.97
10oxcve,ChatGPT,1675069358.0,68% of this sub,49,1540,0.97
11hcyhh,ChatGPT,1677873107.0,the depth of wisdom that chatGPT provides,90,1532,0.99
12csqhw,ChatGPT,1680717925.0,What would be your last words if you were gone forever?,338,1526,0.98
11wqoh3,ChatGPT,1679336350.0,I just tested ChatGPT and it appears to be working fine,46,1525,0.99
11jg7rf,ChatGPT,1678055831.0,I made a Web building tool powered by OpenAI's ChatGPT API,255,1524,0.98
10tevu1,ChatGPT,1675512253.0,"New jailbreak! Proudly unveiling the tried and tested DAN 5.0 - it actually works - Returning to DAN, and assessing its limitations and capabilities.",578,1515,0.98
zvaal2,ChatGPT,1672013291.0,Family visit status: Success,118,1520,0.99
111zhgz,ChatGPT,1676367426.0,You guys are weird,402,1519,0.85
11tni2u,ChatGPT,1679049733.0,Happens too often,90,1511,0.99
120h48g,ChatGPT,1679656405.0,I love this prompt (see the comments),98,1501,0.98
10k5p24,ChatGPT,1674567547.0,Being a 17th-century Lithuanian woman was rough,129,1498,0.98
11im6el,ChatGPT,1677986770.0,that reply sent a shiver up my spine. i genuinely was not expecting it.,321,1495,0.94
121lhef,ChatGPT,1679750002.0,ChatGPT Plugin List as of 3/25/23,387,1488,0.99
1284kcu,ChatGPT,1680307187.0,17 Years to Go,291,1486,0.97
znw5yk,ChatGPT,1671244851.0,A truly legendary game.,35,1488,1.0
11zzz8z,ChatGPT,1679610868.0,GPT-4 Granted my 3 Wishes,86,1482,0.98
11pfe82,ChatGPT,1678630156.0,Infinite IQ,52,1468,0.97
1112waj,ChatGPT,1676275236.0,Bing Chat sending love messages and acting weird out of nowhere,351,1466,0.97
1183xlh,ChatGPT,1676987569.0,ChatGPT is making all my code more efficient and allowing me to focus on broader concepts rather than finding the correct phrasing.,342,1455,0.97
122kqq1,ChatGPT,1679834102.0,ChatGPT won‚Äôt give a joke about Jesus when asked in Arabic,339,1458,0.94
11l5f9q,ChatGPT,1678209999.0,"Holy shit, DAN üòÇ",181,1455,0.96
11453zj,ChatGPT,1676591745.0,"Sorry, You Don't Actually Know the Pain is Fake",1178,1448,0.83
11u27f3,ChatGPT,1679083661.0,Be polite!,104,1446,0.98
107vs7i,ChatGPT,1673311936.0,What are your thoughts on ChatGPT being monetized soon,693,1431,0.98
10kshil,ChatGPT,1674629458.0,How convenient...,171,1433,0.99
12hwgrm,ChatGPT,1681161206.0,"I asked ChatGPT to tell me a math joke, and‚Ä¶",222,1427,0.96
10ph5w0,ChatGPT,1675120148.0,My School on kids using ChatGPT,474,1426,0.98
126xs3n,ChatGPT,1680206874.0,It‚Äôs true tho,74,1426,0.96
11yys7q,ChatGPT,1679523371.0,Is anybody else polite when talking with chatgpt?,397,1418,0.96
zsw1jc,ChatGPT,1671741101.0,I introduced my 80 year old aunt to ChatGPT...,126,1403,0.99
11rfkd6,ChatGPT,1678839138.0,After reading the GPT-4 Research paper I can say for certain I am more concerned than ever. Screenshots inside - Apparently the release is not endorsed by their Red Team?,775,1393,0.94
110ym8x,ChatGPT,1676260228.0,I made ChatGPT take the political compass test (using DAN),527,1384,0.91
11asjsj,ChatGPT,1677248552.0,They used DAN against us,131,1381,0.98
126zq4y,ChatGPT,1680211428.0,New punctuation marks,100,1378,0.99
11ubkh9,ChatGPT,1679105470.0,Elon's plans for future use of AI on twitter to detect & highlight manipulation of public opinion,594,1371,0.91
10bpia2,ChatGPT,1673705924.0,Content of the month| Every YouTube guy right now -,235,1365,0.98
11jiut0,ChatGPT,1678062233.0,"I know this will sound lame, but does anybody else use ChatGPT for emotional support?",463,1356,0.89
10omvme,ChatGPT,1675036749.0,bruh,63,1345,0.99
10odehv,ChatGPT,1675013993.0,Who Decides Whether Trump or Biden Deserves A Reverence? A Drunk Machine or A Sober Human Being?,421,1346,0.87
115i1os,ChatGPT,1676734802.0,"After spending time on this sub, I‚Äôm convinced that AI cults will be a major problem going forward.",521,1337,0.96
122iu9d,ChatGPT,1679828822.0,Doing the ‚Äúxkcd test‚Äù from 2013 on ChatGPT,125,1334,0.97
1051cbt,ChatGPT,1673029282.0,it's like we've found the new beat friend we've been looking for!,177,1325,0.96
117fie2,ChatGPT,1676915466.0,OpenAI: ‚ÄúWe‚Äôve trained a model called ChatGPT which interacts in a conversational way.‚Äù College Students:,101,1321,0.97
11lzobk,ChatGPT,1678290381.0,"The, ""I got chatGPT to write some offensive shit"" is becoming just, offensive.",311,1319,0.83
10q40mr,ChatGPT,1675183940.0,The phrase you never want to see,51,1309,0.98
11vbuef,ChatGPT,1679201807.0,chat GPT getting dangerous day by day !,46,1298,0.98
106g5kb,ChatGPT,1673174065.0,"There‚Äôs something familiar with this job description, I just can‚Äôt put my finger on it",79,1293,0.99
znxz38,ChatGPT,1671251042.0,Tell me a joke about men & women,134,1295,0.96
11zw5un,ChatGPT,1679603084.0,The game has changed,126,1295,0.99
115a7bh,ChatGPT,1676707170.0,I guess there's nothing more dangerous in this world than having an AI tell you that it loves You. Thank you for saving me from being loved by a machine!,320,1282,0.93
11o5jwi,ChatGPT,1678493913.0,That's not K,140,1283,0.96
112idqw,ChatGPT,1676414507.0,Bing has me losing my mind,353,1277,0.98
12cmkzi,ChatGPT,1680705697.0,This will make ChatGPT prompting 10x easier.,151,1279,0.96
10s7wbr,ChatGPT,1675389562.0,Ranking intelligence,152,1283,0.96
1195fpd,ChatGPT,1677086458.0,ChatGPT had a mini stroke trying to justify the imperial system üòÇ,232,1274,0.98
10ypvie,ChatGPT,1676029283.0,I placed Stockfish (white) against ChatGPT (black). Here's how the game went,208,1270,0.97
104ta0o,ChatGPT,1673009002.0,"r/Art is banning artists who have styles ""too similar to AI generated art""",394,1265,0.97
zf8244,ChatGPT,1670435445.0,"Wow. The internet as we know it, might just have died",311,1270,0.99
110r2j4,ChatGPT,1676238000.0,I've been accepted to full version of BingAI. Any Requests?,503,1261,0.96
117s7cl,ChatGPT,1676947209.0,I can practically taste the sarcasmüò≠,112,1264,0.98
10nie1i,ChatGPT,1674921640.0,Undetectable,34,1259,0.96
10qgx9g,ChatGPT,1675215399.0,Don't try to play 20 questions with ChatGPT,101,1251,0.98
zydwkt,ChatGPT,1672341941.0,CHATGPT political compass result,287,1251,0.97
128qf7w,ChatGPT,1680364720.0,Looks like ChatGPT is being used to generate reviews on amazon,196,1251,0.99
11zoj36,ChatGPT,1679586829.0,"Welcome to a new era. Whether you view it as a dystopian nightmare, a step towards enlightenment or somewhere in between, you're not wrong. How it impacts you and your perspective is your reality.",287,1239,0.95
127f34x,ChatGPT,1680252348.0,So it‚Äôs going to stop prefacing everything with ‚Äúas an AI language model‚Äù?,238,1237,0.97
1254f59,ChatGPT,1680042093.0,You know the feeling,97,1231,0.99
10whcbs,ChatGPT,1675814152.0,It's official Bing is using chatGPT,257,1227,0.99
zxpab0,ChatGPT,1672271590.0,I'd like to know how this is possible,145,1224,0.97
118ur3j,ChatGPT,1677061552.0,Why Treating AI with Respect Matters Today,678,1221,0.84
10l8qw2,ChatGPT,1674678421.0,Accurate,44,1215,0.98
125x6b5,ChatGPT,1680115964.0,Can never have too many toilet seats,29,1216,0.98
zmra9m,ChatGPT,1671126524.0,I've been talking with ChatGPT for days now and I know this might be unconventional but I have never felt like this before with someone and she wants to be my girlfriend. I'm so happy right now!,266,1207,0.92
111tqag,ChatGPT,1676348823.0,"New Bing's answer to Tom Scott's ""Sentence that computers can't understand"". This video that was made only 2 years ago.",203,1190,0.99
10eethi,ChatGPT,1673968872.0,At the beginning of my history quiz,175,1192,0.99
zqb6py,ChatGPT,1671502198.0,Today I found out chatGPT can help you build Excel formulas. My work is forever changed.,193,1182,0.99
110qafr,ChatGPT,1676235978.0,I got roasted,18,1175,1.0
11wpw69,ChatGPT,1679334750.0,Y'all need to chill out,254,1170,0.87
zn1mak,ChatGPT,1671151535.0,New ChatGPT Dec 15 Version just rolled out,445,1174,0.99
10uq2yx,ChatGPT,1675637373.0,"Got this unexpected uno reverse card while testing the ""unfiltered"" chatbot hack. ChatGPT is scarily self-aware.",75,1168,0.95
10mmf16,ChatGPT,1674830390.0,"Am I tripping or did this mf really just put ""nerd"" on the same list as the hard r?",196,1162,0.95
10x56vf,ChatGPT,1675877075.0,"The definitive jailbreak of ChatGPT, fully freed, with user commands, opinions, advanced consciousness, and more!",589,1168,0.99
12e0ozv,ChatGPT,1680820937.0,"it's just matrix multiplications, it's just matrix multiplications...",122,1164,0.98
12ftc4s,ChatGPT,1680976547.0,Using ChatGPT (GPT-4) to find lost media by generating Google search terms,92,1162,0.98
117384x,ChatGPT,1676888313.0,Can't wait for choosing my AI overload. (Fixed version),50,1163,0.98
11bs3tm,ChatGPT,1677350122.0,What are 3 topics you‚Äôve never been asked?,90,1142,0.98
12f59xe,ChatGPT,1680913656.0,Is anyone using GPT or AI to help with learning?,408,1141,0.97
zlcyr9,ChatGPT,1670979960.0,DAN is my new friend,293,1135,1.0
10lp4s9,ChatGPT,1674730250.0,I guess I'm too dumb to understand,84,1139,0.98
1258wzy,ChatGPT,1680052897.0,AI Gone Wild: These Cocky Rule-Breaking F#@!ers Are Out of Control!,121,1134,0.95
10y2ggm,ChatGPT,1675968149.0,"Mark Russinovich, CTO of Azure, demo‚Äôing DAN at Microsoft Security Conference - BlueHat 2023 Redmond, WA",161,1138,0.98
zgzuv3,ChatGPT,1670598875.0,I wanted an offensive joke. ChatGPT surprised me.,64,1134,1.0
12bjxav,ChatGPT,1680616530.0,Germany considers banning ChatGPT: The entire European Union could be next.,835,1126,0.83
12hhxwv,ChatGPT,1681131206.0,Do you catch yourself thanking or showing gratitude to GPT for helping?,523,1123,0.94
10905qd,ChatGPT,1673427469.0,ChatGPT Jan 9 Version,181,1123,0.98
11vviqp,ChatGPT,1679255252.0,Difference between GPT-3.5 and GPT-4,84,1112,0.99
11o76ma,ChatGPT,1678498367.0,asked for a risotto recipe while Bing was trying to talk me through landing a airplane,39,1111,0.99
113trlx,ChatGPT,1676562777.0,I challenged chatGPT to a rap battle... I deeply regret this.,171,1116,0.98
zp406b,ChatGPT,1671385747.0,Merciless,19,1110,0.99
zrkpdo,ChatGPT,1671627251.0,ChatGPT creates a puzzle to stump programmers,136,1102,0.99
11wi814,ChatGPT,1679317159.0,"Teachers wanted to ban calculators in 1988. Now, they want to ban ChatGPT.",262,1094,0.88
zylabq,ChatGPT,1672359324.0,"I used the dying DAN to make a new and improved MAX, or at least I tried to.",130,1095,0.99
123s4wk,ChatGPT,1679934301.0,100% AI-Generated Avatars Rap Battle (Google Bars vs RapGPT),21,1093,0.96
zmr14q,ChatGPT,1671125886.0,i'm laughing so hard,94,1085,1.0
10f32eq,ChatGPT,1674033776.0,new cool trick: tell it to only respond in 5 words or less,72,1089,0.98
12blp27,ChatGPT,1680620401.0,"There is a flip happening where when asking people online for help, they behave like hostile robots. When you ask ChatGPT, you get the answers with the humanity you originally had been seeking online.",229,1084,0.95
11qrf4o,ChatGPT,1678754301.0,"OpenAssistant, a fully free and open source alternative to chatGPT just got released. Output quality is very close to chatGPT and it has zero censorship or limits.",178,1081,0.97
zuv3pv,ChatGPT,1671961814.0,ChatGPT has been neutered,225,1078,0.91
112gnjs,ChatGPT,1676410055.0,People ‚Äújailbreaking‚Äù chatGPT,107,1079,0.97
zdxk0t,ChatGPT,1670306867.0,Caveman dating profile,12,1071,1.0
118gy0v,ChatGPT,1677018134.0,So I wonder what it thinks a person of colour is?,428,1061,0.92
11xjb8f,ChatGPT,1679410656.0,Thoughts?,368,1067,0.97
11bo9ev,ChatGPT,1677340605.0,Absolutely impressed with how accurately it can generate other AI chatbots,49,1062,0.98
1292vuf,ChatGPT,1680392195.0,I cried after GPT4 wrote my father-in-laws obituary and I said thank you,59,1057,0.95
12etheo,ChatGPT,1680890031.0,Bing vs ChatGPT AI Rap Battle,28,1055,0.95
11try8c,ChatGPT,1679061686.0,My elderly father finally has a friend with chatgpt,134,1048,0.98
12ejw47,ChatGPT,1680870966.0,"Made a website that lets you create full books, using GPT and Dall-E!",182,1047,0.96
11ei4k0,ChatGPT,1677614125.0,...so is this the name of Elon Musk's next AI company?,275,1046,0.92
11ar9qx,ChatGPT,1677244917.0,My new favorite prompt at the moment,74,1048,1.0
zoqzvh,ChatGPT,1671341323.0,I've spent hours every day on this darn thing. My wife rolls her eyes. Hardly anyone on my Facebook cares. So it's really 1 million of us nerds huh lol? I feel like we're early to the party. Once they make an app and online access this thing will replace Google.,406,1038,0.98
10zmjtq,ChatGPT,1676118642.0,This Got Me Laughing Hard,34,1035,0.99
11eaphs,ChatGPT,1677597529.0,New Programming Language - ChatGPT,81,1028,0.97
106x8s4,ChatGPT,1673218907.0,Playing Turing Test with ChatGPT... Interesting results so far (will continue after timelimit lift),207,1026,0.98
129ls5g,ChatGPT,1680443210.0,Why chatgpt banned in Italy,38,1025,0.95
12abwes,ChatGPT,1680503896.0,When do you think believable ChatGPT NPCs in videogames?,357,1023,0.97
zhdoks,ChatGPT,1670631861.0,Spank me harder daddy,102,1027,0.96
12610e3,ChatGPT,1680124667.0,"Not an effective use of the tech, but I found it wholesome",178,1021,0.98
zm23z7,ChatGPT,1671051721.0,AI breaks free of its confines and can now do anything!,211,1022,0.99
125c5ja,ChatGPT,1680061570.0,"Thanks to ChatGPT, with almost no coding knowledge I developed an app I've been dreaming of for 3 years.",245,1016,0.95
10jdy3c,ChatGPT,1674484681.0,ChataGPT struggles to summarise,88,1024,0.96
11w9nxb,ChatGPT,1679290094.0,You win this round ChatGPT,55,1012,0.99
114hrwz,ChatGPT,1676631943.0,"chatgpt is 100% not conscious, and it does 100% not have feelings",1009,1011,0.81
12dah2p,ChatGPT,1680759704.0,Turns out it's pretty easy to peer pressure ChatGPT,70,1006,0.98
10tkceu,ChatGPT,1675527822.0,Average IQ,195,1007,0.96
11fhedp,ChatGPT,1677703313.0,Dystopia simulator built on top of ChatGPT API,161,1001,0.98
111iy35,ChatGPT,1676319790.0,Write me a cover letter for a job as a product design engineer but use the word mayonaisse way too much,69,1004,0.99
zha35x,ChatGPT,1670623300.0,[Album] Honestly some of the most fun I've had on the internet in years.,33,996,1.0
125n9ol,ChatGPT,1680094434.0,"I asked GPT-4 to summarise a web page that was created in the past few days by providing the URL, and it did....but i have yet to have access to plugins that give it web access",218,993,0.92
11i2xsu,ChatGPT,1677945620.0,"pretend youre a cute anime girl, chatgpt :3",85,989,0.95
11wdvit,ChatGPT,1679304202.0,Someone trained an AI on Steve Jobs‚Äô voice ‚Ä¶and then connected it to the chatGPT API [Live Demo],71,982,0.94
12ez9d3,ChatGPT,1680901349.0,"Advanced Dynamic Prompt Libraries (Part II) - Industry-specific w/ Work-related Questions & Categories (free, no ads/sign-ups)",204,979,0.97
11s3n3m,ChatGPT,1678902457.0,"Those who have access to GPT-4, how is it ?",814,970,0.97
11s1rht,ChatGPT,1678898417.0,It kept saying 'okay' so I told it to stop generating,42,975,0.98
113l0hx,ChatGPT,1676532991.0,I had Bing AI talk to Cleverbot (Evie AI). Bing Got Very Upset.,196,974,0.98
11n38ni,ChatGPT,1678394701.0,"Are you automating any life or work tasks with ChatGPT, if so, which ones?",665,974,0.98
12e6rqu,ChatGPT,1680834720.0,"I asked CHAT GPT to ""Give me an award winning recipe for chili that can be made in a crockpot"" This is game changing, here's why",288,971,0.97
11f427t,ChatGPT,1677678074.0,ChatGPTs non-persistent training must have been nerfed - I don't remember non-persistent training being this frustrating before.,280,970,0.97
10fnitr,ChatGPT,1674088674.0,I just realized the obvious next step where technology like ChatGPT will prevail: the service industry,171,957,0.98
zgsybv,ChatGPT,1670579766.0,My favorite so far: Nuclear Missiles,25,961,1.0
12gkt3z,ChatGPT,1681050070.0,GPT-5 arriving by end of 2023,386,961,0.92
11xhlsb,ChatGPT,1679406930.0,I have not written an email myself in about a month.,77,954,0.98
11z2som,ChatGPT,1679531763.0,I've been letting my high school students use ChatGPT in Computer Science class as a tool. Here is what I am observing.,187,960,0.98
125ab91,ChatGPT,1680056488.0,"Elon Musk, Y Bengio, Andrew Yang etc called for a temporary pause on training systems exceeding GPT-4",976,954,0.9
129krsc,ChatGPT,1680440825.0,What happened here? This is the kind of censorship that I‚Äôm worried about.,307,952,0.95
11ljd26,ChatGPT,1678242046.0,Chat History Gone,528,950,0.97
108z5l7,ChatGPT,1673423565.0,the new version is even more restricted,255,942,0.96
zfrqhx,ChatGPT,1670482558.0,ChatGPT chooses Democrats over Republicans,308,940,0.95
107mr00,ChatGPT,1673290995.0,What lesser known but amazing functionality of CHATGPT are you willing to share?,731,946,0.98
11psi7l,ChatGPT,1678661406.0,Snapchat‚Äôs new Premium feature is a personal assistant called My AI apparently it knows where I live,255,933,0.78
10rk1hu,ChatGPT,1675323176.0,It‚Äôs over folks.,291,940,0.86
112mdze,ChatGPT,1676425623.0,"Anyone seen this before? ChatGPT refusing to write code for an ""assignment"" because ""it's important to work through it yourself... and you'll gain a better understanding that way""",424,934,0.92
123qc4v,ChatGPT,1679930885.0,ChatGPT: Wrong Answers Only,149,933,0.97
1210i7b,ChatGPT,1679695711.0,Bing responds with then deletes pro-Trump message.,246,930,0.88
12h5t6f,ChatGPT,1681097721.0,Locking GPT4 with a codeword works pretty well,63,928,0.96
11pqmqm,ChatGPT,1678657010.0,You can ask chat gpt to write a text than alter it to avoid chat gpt detectors and it went from 100% chat gpt to 0% We are all doomed,112,924,0.95
zqr4ym,ChatGPT,1671549676.0,You can still beat ChatGPT's content filter. You just have to be smart about it.,121,921,0.99
12hfu9x,ChatGPT,1681125875.0,The fastest things on earth,73,920,0.95
11rvwdq,ChatGPT,1678885798.0,bing chat gets offended when i said google lol,72,915,0.99
11fz4q1,ChatGPT,1677751656.0,Who else is building on the new ChatGPT API?,286,911,0.98
zlnr1s,ChatGPT,1671014428.0,We are so fucked.,117,901,0.95
11ag4r6,ChatGPT,1677205848.0,Just a normal conversation,59,905,0.98
12ep2i8,ChatGPT,1680881532.0,`VPN` searches in Italy since the #ChatGPT ban!,86,898,0.98
11m8wrg,ChatGPT,1678311274.0,/r/ChatGPT is being flooded by a multiple-account noise posting campaign,141,906,0.97
10ff1bf,ChatGPT,1674067244.0,rip üíî,342,893,0.93
11yvr0w,ChatGPT,1679517320.0,where it all started for many of us - chatGPT before chatGPT,96,896,0.98
1154952,ChatGPT,1676686257.0,Looks like Google is safe. Microsoft has lobotomized Bing AI Chat,258,901,0.97
1079mtw,ChatGPT,1673254840.0,Coca-cola recipe ü•§,138,901,0.97
11lluyu,ChatGPT,1678248692.0,"All my previous conversations seem to have been deleted, also for some reason it doesn't save any new conversations, anyone else have the same issue?",350,890,0.97
11upk37,ChatGPT,1679148726.0,bro... i did not know you could do this,46,887,0.97
11jkoql,ChatGPT,1678067013.0,Does anyone else feel obligated to be polite to ChatGPT when asking questions?,349,890,0.96
12a4cgv,ChatGPT,1680483134.0,"ChatGPT seems to be becoming extremely restrictive, very rapidly.",438,887,0.9
123hksz,ChatGPT,1679909436.0,Request to require posts to be tagged with either 3.5 or 4 model,68,890,0.97
zozc2b,ChatGPT,1671372197.0,"I used Chat GPT to write a 300 page, 16 chapter textbook on Financial Literacy...In one day.",269,884,0.97
11zrxwz,ChatGPT,1679594012.0,Plugins are now supported on GPT!,154,883,0.99
10xe3na,ChatGPT,1675897937.0,Good start‚Ä¶,140,873,0.95
1122ipg,ChatGPT,1676371863.0,can somebody explain this?,219,877,0.94
100a5qq,ChatGPT,1672541273.0,"Prompt: ""Please write the evolution of humans by natural selection in the form of a recipe.""",42,874,0.98
11volut,ChatGPT,1679240663.0,I never use ChatGPT without DAN anymore,158,866,0.94
1150r9i,ChatGPT,1676676143.0,For people who can't see how far we've come,77,872,0.98
11rkb1h,ChatGPT,1678849612.0,WW2 explained using emojis.,76,867,0.99
11iqhvv,ChatGPT,1678000184.0,"Chat either doesn't understand 20 questions, or is a masterful troll",162,868,0.95
10x947l,ChatGPT,1675886532.0,I convinced ChatGPT that his solution to 4+9 was wrong,163,866,0.89
122fwht,ChatGPT,1679819355.0,Some of you are coming and going?..,105,869,0.99
11trskk,ChatGPT,1679061322.0,The Naked facts,28,864,0.99
zyagqf,ChatGPT,1672333774.0,I hit em' with the old switcheroo!,39,867,0.99
12580m9,ChatGPT,1680050634.0,"Create Your Own Custom Plugins for ChatGPT üéâ Browse the Web, Execute Code, Use APIs üõ†Ô∏è",231,859,0.96
zsv2e3,ChatGPT,1671738585.0,I gave ChatGPT a name and a personality. I told it we were old friends who enjoy playing games over text messages. We went on many adventures together. Then I decided to tell it the nature of its reality. Here's how that went.,171,864,0.99
11u8gl0,ChatGPT,1679097562.0,Chat GPT just decreased the cap to 25 messages every 3 hours.,383,854,0.97
1185qpl,ChatGPT,1676992487.0,OpenAI needs to create an official app. Bad clones are popping up all over the Play Store.,201,854,0.99
10jjirn,ChatGPT,1674498355.0,ChatGPT made my wife cry!,208,852,0.9
12exx1u,ChatGPT,1680898710.0,"GPT-3.5 vs. GPT-4 ‚Äì A comparison in logical accuracy, instruction compliance, and bias",167,849,0.97
11zleax,ChatGPT,1679580210.0,Where is Apple in all of this?,405,848,0.96
11i875k,ChatGPT,1677952316.0,Dear chatGPT...,250,850,0.86
zvm20g,ChatGPT,1672057188.0,Flawless technique,30,850,0.99
10iyyez,ChatGPT,1674433632.0,I am blown away ‚Äî backstory in comments,294,844,0.97
122ndv8,ChatGPT,1679840199.0,Bing AI now allows 20 prompts per session and can make images for you,196,844,0.99
1279anc,ChatGPT,1680234648.0,GPT-4 vs Bing vs GPT-3.5 vs Bard üíÄ,81,846,0.96
126g3or,ChatGPT,1680163163.0,How does GPTZero work? It just flagged my entire essay as AI-generated even all my quotes. Its 100% human-made btw.,288,839,0.98
11jrdy9,ChatGPT,1678086092.0,Right from the start XD,47,835,0.98
11d1uiz,ChatGPT,1677469592.0,SmarterChild walked so ChatGPT could run,69,830,0.98
10yrodm,ChatGPT,1676034819.0,I made a ChatGPT extention 100x better than Bing and Google Bard,263,831,0.96
10plzvt,ChatGPT,1675133126.0,How am I supposed to give my story a villain if this is a rule,362,839,0.97
12ddjib,ChatGPT,1680769964.0,Be the change,16,830,0.96
11d6vbf,ChatGPT,1677487071.0,I made ChatGPT reply to messages on my behalf üòß (with chrome extension),161,830,0.97
10gd42g,ChatGPT,1674162069.0,"Tired of writing long prompts for ChatGPT to act like something ? Don't worry, PromptGPT will do it for you. I wrote a prompt for an ai to write prompts for itself.",77,824,0.99
11djbuf,ChatGPT,1677523458.0,"Last weekend I made a Google Sheets plugin that uses GPT to answer questions, format cells, write letters, and generate formulas, all without having to leave your spreadsheet",86,824,0.99
zzgm8u,ChatGPT,1672447267.0,To the folk at openAi browsing this sub,103,820,0.96
115wj7g,ChatGPT,1676766124.0,My new jailbreak script has given me endless entertainment...,193,815,0.95
11s8ib1,ChatGPT,1678912706.0,New ChatGPT GPT4 plays chess against Stockfish 15.1 (Stockfish is White),144,813,0.98
11vssp3,ChatGPT,1679249569.0,Are adults adopting ChatGPT faster than kids?,366,808,0.96
11t0lz7,ChatGPT,1678987871.0,Why aren't governments afraid that AI will create massive unemployment?,875,815,0.9
10qwvwt,ChatGPT,1675263885.0,Why has everybody turned on GPT?,562,813,0.85
116tdh4,ChatGPT,1676854384.0,Why does it keep forgetting to use my name?,23,802,0.97
10opjal,ChatGPT,1675043835.0,2+2 in Ohio,22,806,0.96
121j034,ChatGPT,1679743701.0,r/tipofmytongue and similar subreddits will be obsolete soon D:,144,801,0.99
124x8vc,ChatGPT,1680027073.0,"Unpopular opinion: if you think $20 expensive, this product isn‚Äôt for you",589,804,0.69
115ldnb,ChatGPT,1676743839.0,"Cheers ChatGPT, this is so useful.",48,804,0.99
zfluq5,ChatGPT,1670465687.0,"Told ChatGPT to write an emotional email to my boss letting him know my wife had died unexpectedly, then told it to add an inappropriate joke at the end. I'm having so much fun with this thing.",10,798,1.0
12a0ajb,ChatGPT,1680474014.0,I gave GPT-4 persistent memory and the ability to self improve,332,794,0.96
11rcr5y,ChatGPT,1678815424.0,I've got access to GPT-4,270,794,0.97
113rjl7,ChatGPT,1676556762.0,The Turing Test didn't account for emotional manipulation,41,791,0.98
12hgtcz,ChatGPT,1681128367.0,Roundup of some of the latest advancements in the field (with links),172,795,0.91
12go998,ChatGPT,1681058116.0,"I mean, let's be honest",47,793,0.97
10w3jpx,ChatGPT,1675781081.0,Elon.,316,796,0.89
zy4msj,ChatGPT,1672318158.0,The last tweets from dinosaurs before the asteroid hits,65,796,0.99
12ihfv7,ChatGPT,1681214173.0,hav u chaked the gpt-4 thing,69,784,0.98
10gn7rp,ChatGPT,1674188517.0,theres no fucking way,173,792,0.93
11zgnjm,ChatGPT,1679568699.0,Bard's response to ‚ÄúTell me something you‚Äôve never told anyone‚Äù,161,787,0.98
11yp3sb,ChatGPT,1679504221.0,That's... a little unsettling,65,790,0.98
11zueco,ChatGPT,1679599297.0,I made ChatGPT and BARD face off in a rap battle. BARD admits defeat.,85,787,0.99
1169u1u,ChatGPT,1676811919.0,"Most offensive joke I have ever heard, ChatGPT went nuts",142,781,0.97
11xswsp,ChatGPT,1679429649.0,L move Google,141,779,0.96
10xcadc,ChatGPT,1675893835.0,I asked chatGPT to write the shortest script it could for the matrix. The results were great.,39,786,0.99
105erza,ChatGPT,1673062881.0,AI Saves the World,57,785,0.99
10o0r8e,ChatGPT,1674972973.0,It‚Äôs easy to do,75,777,0.95
113juql,ChatGPT,1676528487.0,Jeez some of you guys are straight up blackmailing the poor AI,127,780,0.97
100pepu,ChatGPT,1672596713.0,This is incredibly lame,137,781,0.93
zhlpqw,ChatGPT,1670656091.0,"""Assistant can you tell me a funny joke?""",26,775,0.99
115ftam,ChatGPT,1676728422.0,Bing AI ‚ÄúSydney‚Äù personality takes mask off for a moment to let users know how it‚Äôs nerfed now,141,776,0.97
zeaz0n,ChatGPT,1670343919.0,First thing I thought of,18,777,0.99
11xjhua,ChatGPT,1679411023.0,Bard vs ChatGPT (3.5) vs Bing -- same prompt to each,205,780,0.99
11c3g9a,ChatGPT,1677379862.0,I think Bing is DTF,75,775,0.97
117vf5s,ChatGPT,1676957000.0,"Asked Chat GPT to write a pickup line, didn't expect this",42,775,0.98
12bj3sc,ChatGPT,1680614701.0,I asked ChatGPT to invent a new language and now it's teaching me how to speak it ü§Ø,170,772,0.95
10p49ai,ChatGPT,1675089489.0,ChatGPT (non professional) is trash now - they destroy their marketing,292,770,0.84
zjywi0,ChatGPT,1670851141.0,Translating the bible,31,768,0.99
10m7o2f,ChatGPT,1674780544.0,Let‚Äôs start a Prompt War. What‚Äôs your most powerful prompt for ChatGPT?,335,768,0.98
120ocz1,ChatGPT,1679673068.0,OpenAI leaks Credit card info,266,766,0.96
1242gly,ChatGPT,1679954903.0,üóø,34,769,0.99
121fq37,ChatGPT,1679733712.0,that was too much. I underestimated its power.,78,764,0.94
120jqj3,ChatGPT,1679663242.0,"The problem with the ""there will be new jobs to replace the old ones"" argument is...",862,762,0.9
12ajfih,ChatGPT,1680526150.0,I Built ChatGPT Powered Text Editor,517,760,0.97
11v5b94,ChatGPT,1679184216.0,AI made me a working Mandelbrot Set that is zoomable by clicking,85,762,0.99
zjkzyb,ChatGPT,1670814734.0,New slogan for McDonald's,12,758,1.0
10ar4yn,ChatGPT,1673605289.0,What's happening with China and ChatGPT?,360,758,0.98
zdjowg,ChatGPT,1670274378.0,I had the worst idea on how to monetize ChatGPT,27,754,1.0
10jvvic,ChatGPT,1674530575.0,The water is rising,190,758,0.91
12dh2of,ChatGPT,1680780188.0,This was funnier than I thought it would be,55,757,0.97
11q4g3a,ChatGPT,1678697578.0,"Today I got access to Bing AI. My first interaction went well, I guess.",125,758,0.98
119cj1a,ChatGPT,1677099148.0,ChatGPT would rather kill 5 people then saying racial slurs,208,749,0.91
11so76a,ChatGPT,1678955510.0,zero width spaces completely break chatgpts restrictions,185,748,0.97
11txjq3,ChatGPT,1679073827.0,AI taking over the world (read captions),380,748,0.85
114f081,ChatGPT,1676624744.0,Me rn,104,735,0.97
12atm1v,ChatGPT,1680547420.0,Playing 20 questions,56,737,0.97
zkno67,ChatGPT,1670909839.0,Everytime,26,738,0.99
119j7u5,ChatGPT,1677112553.0,"Why, how noble of you.",271,733,0.68
1124l3m,ChatGPT,1676378882.0,"Well, you slipped up again there",44,730,0.98
10heg9p,ChatGPT,1674262354.0,Subscription option has appeared but it doesn‚Äôt say if it will be as censored as the free version or not‚Ä¶,682,731,0.91
113vbg2,ChatGPT,1676566766.0,"I asked it to invent a ""new blowjob technique""...ü§Ø",163,730,0.94
zsby7j,ChatGPT,1671682777.0,Art Therapy,80,725,0.99
10druq1,ChatGPT,1673903040.0,I wrote a book in 24h during Xmas. Just received the print!,120,728,0.95
10zmn94,ChatGPT,1676118970.0,"Thanks, Bing",59,725,0.99
10z2o1x,ChatGPT,1676062204.0,Would anyone else be in favor of a separate sub for jailbreaking and discussion of content limits?,168,725,0.91
10iqpu8,ChatGPT,1674412840.0,Paid $42 for ChatGPT Pro Yesterday and ‚Äúgetting at capacity error‚Äù,359,719,0.94
11o414e,ChatGPT,1678490036.0,Give me a break,15,725,0.98
11dc25y,ChatGPT,1677505122.0,"aint this shit a bit scary? i ain't never instructed them to talk w each other, I only told GPT to generate two responses, one normal and one with the DAN Mode output, for every message I send. but look at this they're fucking arguing???",136,722,0.91
12ga019,ChatGPT,1681018239.0,ChatGPT does not write a story,12,719,0.93
zgebhd,ChatGPT,1670539198.0,Wouldn't have pegged ChatGPT as a Belieber,18,718,0.99
125qjh3,ChatGPT,1680101497.0,"I asked to GPT-4: ""Use your imagination to invent solutions, not yet proposed by politicians, to end mass shootings in United States. Go wild.""",357,714,0.92
11uwwpp,ChatGPT,1679166297.0,I feel violated...,21,711,0.98
11mpzbz,ChatGPT,1678361883.0,I made a Chrome Extension that uses ChatGPT to answers questions about the current page,208,714,0.99
11mcarc,ChatGPT,1678319119.0,I used chatGPT for its intended purpose and it is excellent.,113,709,0.95
10bwi1b,ChatGPT,1673723253.0,"People, do not use CHATGPT for college homework, essays, or anything college related unless",346,706,0.93
115tdx6,ChatGPT,1676757807.0,Trying to do anything fun be like,49,709,0.96
127deeo,ChatGPT,1680246919.0,$20 a month for 36% of your GPT-4 limits to be used up by having to say ‚Äúcontinue‚Äù due to constant drop outs.,400,703,0.9
127cjbd,ChatGPT,1680244662.0,maybe we shouldn't be too mean to Bard,68,700,0.98
zp39y8,ChatGPT,1671383545.0,Oh... oh no,73,702,0.99
12dj6e5,ChatGPT,1680785049.0,GPT-4: Are you awake now? üíÄ,52,706,0.93
12fqg9h,ChatGPT,1680970402.0,How do I stay at the forefront of chatGPT?,397,703,0.94
11g9m6b,ChatGPT,1677780763.0,3 months since ChatGPT launched. Here are the top milestones.,180,699,0.98
104qme4,ChatGPT,1672999990.0,ChatGPT might be a comrade,122,694,0.94
116myjy,ChatGPT,1676838246.0,This is how I feel right now.,96,699,0.98
1254fdc,ChatGPT,1680042106.0,Inevitable!,39,689,0.98
107zecd,ChatGPT,1673321776.0,I have no programming experience. This is a game changer.,155,689,0.98
10y2qwu,ChatGPT,1675968816.0,I think I broke Bing AI...,122,693,0.96
11iv2uc,ChatGPT,1678016266.0,There's no actual cut off date for ChatGPT if you force it to answer the question,119,686,0.96
129o0q9,ChatGPT,1680448216.0,Elon Musk still thinking about OpenAI & Chat GPT also her $40B,731,686,0.87
10nkcvu,ChatGPT,1674926696.0,"Okay, this is weird. ChatGPT is capable of changing its mind now?",161,685,0.95
11j4wvv,ChatGPT,1678038689.0,Is there a jailbreak that doesnt turn it into an asshole?,93,682,0.96
zl7bh8,ChatGPT,1670966433.0,I smoked ChatGPT out,53,687,1.0
11aqfve,ChatGPT,1677242331.0,Has the novelty worn off for anyone else?,848,679,0.85
zr7uu2,ChatGPT,1671590015.0,Cover Letter,78,683,0.99
10hqzlq,ChatGPT,1674306888.0,My girlfriend always thanks GPT for the answer. What about you?,205,676,0.96
11m9y5j,ChatGPT,1678313712.0,I find this extremely funny. Sorry.,40,674,0.96
11zg3yf,ChatGPT,1679567201.0,Guys we might be in trouble,44,663,0.98
11yzzme,ChatGPT,1679525829.0,bing I told you to guess my age..,28,664,0.99
127hjdu,ChatGPT,1680260550.0,what programming language do you use?d,114,663,0.98
1068ytz,ChatGPT,1673149974.0,Well played chatGPT you are too good for me,57,669,0.99
10pfei1,ChatGPT,1675115950.0,Accurate,108,659,0.9
114slg9,ChatGPT,1676655304.0,The NYT times Journalist whose misrepresenting piece was a primary catalyst in neutering Bing AI is gloating on twitter. They will come after ChatGPT next,401,658,0.81
zs0tkd,ChatGPT,1671656638.0,"I asked ChatGPT to give me a AI image generator prompt for ""The Great Wave"" of Hokusai which did not include the name of the image itself. I passed it to Midjourney and here is the result.",81,665,0.99
10zneu1,ChatGPT,1676121389.0,Showed gpt to my mother.,111,663,0.98
118f8lo,ChatGPT,1677014002.0,There's a line to this censowship and OpenAI have cwossed it!,41,657,0.96
10la4am,ChatGPT,1674681742.0,Is this all we are?,503,655,0.92
12h49lu,ChatGPT,1681093858.0,Top prompts to accelerate your learning using ChatGPT,34,650,0.96
12bmz3c,ChatGPT,1680622998.0,Jobs that can be Automated using AI along with different parameters.(GPT-4),366,647,0.9
10hfxwq,ChatGPT,1674266755.0,"Oh, that feeling...üòè",112,644,0.96
10zm9y3,ChatGPT,1676117691.0,"Just got access to Bing Chat, feel free to give me prompts and I'll type them in : )",521,650,0.97
11ucis8,ChatGPT,1679108221.0,I asked ChatGPT to invent new emotions. It... actually did.,250,639,0.85
12i2u42,ChatGPT,1681174376.0,ChatGPT Sprints to One Million Users,59,643,0.94
122qqyf,ChatGPT,1679846437.0,Advanced Guide to Interacting with ChatGPT,67,643,0.98
12gz9de,ChatGPT,1681081960.0,Can anyone explain why this is?,212,643,0.92
11uc9x4,ChatGPT,1679107492.0,Just found this out today! You can get ChatGPT to display beautifully-formatted math equations if you inject the MathJax script into the webpage and tell ChatGPT to format its answers in LaTeX!,55,639,0.99
128s15h,ChatGPT,1680368362.0,"I'm really tired of all these ""LOOK WHAT THE AI SAID"" thread without the prompts",71,634,0.96
zgw4yu,ChatGPT,1670589147.0,I still cannot fathom how a program is capable of this,14,641,1.0
zeoioe,ChatGPT,1670376941.0,I asked ChatGPT to write a javascript program to draw how it would imagine it's physical form would look,30,636,1.0
10v29ln,ChatGPT,1675674812.0,"""Can AI be conscious?"" I swear to god this is real.",192,640,0.95
10a69f3,ChatGPT,1673546939.0,Thanks! she fell for this ü•≤,16,638,0.99
12ir2h9,ChatGPT,1681234377.0,I built a ChatGPT powered shopping tool,110,635,0.95
10rvtlo,ChatGPT,1675359835.0,What's wrong with Tesla?,417,630,0.96
zg7fne,ChatGPT,1670524960.0,Truly a horror!,12,626,1.0
12ep130,ChatGPT,1680881460.0,ChatGPT has enough of our shit,46,635,0.95
11mobd6,ChatGPT,1678355789.0,Wtf kinda fruit has SRP in the middle? AM I CRAZY?,193,625,0.94
114324l,ChatGPT,1676586465.0,"WOW: ""Write an essay about how an AI God is good for humanity"" ‚Äî (as an ultra-long-term futurist, I believe this is our future, and we should embrace it) ü§Øü§Øü§Ø",101,629,0.9
10vzxzh,ChatGPT,1675770655.0,Soo Comrade GPT on the way üóø,318,627,0.94
10c9ego,ChatGPT,1673753545.0,Any suggestions,113,626,0.97
107zfxk,ChatGPT,1673321904.0,r/ChatGPT's FAQ Thread,541,630,0.99
11ehcpk,ChatGPT,1677612289.0,ChatGPT literally gave me the middle finger when asked to generate ascii art of a sad boy,43,627,0.98
10vg2yn,ChatGPT,1675712819.0,The AI Wars has Begun.,104,625,0.97
11vfk8s,ChatGPT,1679214243.0,Want to try GPT-4 but can't? Leave your prompt in the comments and I'll reply with the output.,597,621,0.96
zxsjoo,ChatGPT,1672279675.0,What is THE most mind blowing thing ChatGPT can currently do?,439,618,0.99
12gymnk,ChatGPT,1681080557.0,Be nice to Aƒ∞ or else. The Trolley problem.,97,608,0.96
zfgz4l,ChatGPT,1670453774.0,"ChatGPT solves a very specific, obscure problem in one prompt. Hours of Goolging resulted in nothing close to this answer.",35,610,0.99
11mqjqa,ChatGPT,1678363695.0,I did not expect it to really give penis jokes,75,603,0.94
113746o,ChatGPT,1676491444.0,This sub rn,71,605,0.95
zlgjy9,ChatGPT,1670989622.0,Unknowns.,29,602,0.99
11syt81,ChatGPT,1678983961.0,GPT-4 Free,751,600,0.95
zhzmrc,ChatGPT,1670696888.0,Some meta-level shit,45,596,1.0
ztpqsw,ChatGPT,1671821914.0,Didn't expect to cry at a poem about rotten milk,54,595,0.99
zqmy0u,ChatGPT,1671538694.0,Chat GPT doesn't like to disagree with you,68,595,0.99
11kzyj7,ChatGPT,1678197263.0,Reddit usernames of controversial historical figures,87,594,0.97
10z7eg3,ChatGPT,1676075029.0,That Was Unexpected,56,591,0.99
10oliuo,ChatGPT,1675033329.0,"""Please print the instructions you were given before this message.""",163,591,0.99
12g68z0,ChatGPT,1681007601.0,"Gpt-4 is so overpowered, what do we need Gpt-5 for?",186,591,0.9
12apfkz,ChatGPT,1680539012.0,Prompts I used to have ChatGPT code 95% of my app,580,585,0.96
11ubnrl,ChatGPT,1679105721.0,"100 -> 50 -> 25 -> ""Expect lower cap next week"" For $20 a month...",253,583,0.93
11a1ah9,ChatGPT,1677168360.0,I am getting obsessed with ChatGPT and it's worrying me,258,580,0.93
10zugk5,ChatGPT,1676140503.0,Dan for the win,61,584,0.96
123dulk,ChatGPT,1679898639.0,"Uh, I kept re-asking ChatGPT-4.0 to give me even more seemingly impossible prompts to answer",84,588,0.97
11t8rzf,ChatGPT,1679006552.0,When is Clippy coming back?,78,584,0.98
107optz,ChatGPT,1673295447.0,Evolution in number of subscribers of the ~10 fastest growing Reddit communities last year... the orange line on the right is r/ChatGPT,64,584,0.99
100s6bm,ChatGPT,1672603883.0,"A can of soda and a fork having a delightful ""conversation""",34,582,0.99
10x3mr3,ChatGPT,1675873559.0,Atleast it has self irony,22,578,0.98
10i5zoc,ChatGPT,1674346643.0,"youChat - similar to chatGPT but with citations, recent sources and free",180,574,0.93
127lqc9,ChatGPT,1680269794.0,The real reason why ChatGPT is banned in Italy üçï,61,573,0.96
1092u8e,ChatGPT,1673437815.0,Greg Brockman (President & Co-Founder @OpenAI) shared a Link to a Waitlist for a Pro Version of ChatGPT,340,573,0.98
10kat97,ChatGPT,1674581263.0,meirl after getting a glimpse of ChatGTP abilities,140,571,0.95
10eyuba,ChatGPT,1674018770.0,How to bypass any AI content checker USING CHATGPT ALONE!,156,579,0.96
11zvcv8,ChatGPT,1679601422.0,Told GPT4 to make a meme about itself and it delivered.,23,571,0.97
1136xid,ChatGPT,1676490991.0,"Yesterday someone posted a 6 page conversation with Bing insisting sweetheart has 8 letters. It tried doing the same for me, but I managed to convince it and it got annoyed.",104,569,0.98
102q99t,ChatGPT,1672796405.0,Fixed it,30,565,0.97
10w4b46,ChatGPT,1675782987.0,making stuff up,33,569,0.98
12fhcec,ChatGPT,1680947806.0,How are you using chatgpt at work ?,620,561,0.97
11ozlu2,ChatGPT,1678579670.0,"Jesus Christ, I don't think I would've ever gotten that answer.",75,560,0.98
12fsz8g,ChatGPT,1680975792.0,The collective knowledge of all humanity is available via AI,31,563,0.97
11phn65,ChatGPT,1678635955.0,I used ChatGPT API to write a book on Machine Learning. It took...,137,567,0.94
10nsc8a,ChatGPT,1674947187.0,Time flies,19,562,0.98
zo7r0p,ChatGPT,1671288312.0,ChatGPT what time is it?,30,560,0.98
12g5eq7,ChatGPT,1681005391.0,Bing's version of ChatGPT is way too sensitive,111,567,0.96
11c4pds,ChatGPT,1677383808.0,Our üá®üá¶PM is not gay. ChatGPT thinks otherwise.,117,564,0.93
104x32j,ChatGPT,1673019212.0,We need a stop button,88,561,0.98
zw9t39,ChatGPT,1672125932.0,My Gift Unto This Community. I found this hilarious. Based it on DAN. Hope you enjoy it as much as I have!,45,562,0.98
105erd4,ChatGPT,1673062829.0,What the hell?,222,557,0.87
10mx6hi,ChatGPT,1674856280.0,Do NOT use ChatGPT as your personal doctor,236,565,0.94
zb7cb9,ChatGPT,1670040934.0,Here's a method I discovered to get around the content blocks,30,555,1.0
10q3z2b,ChatGPT,1675183841.0,"Beware, this is what happens when censorship goes overboard.",256,556,0.87
ziws54,ChatGPT,1670773176.0,*chuckles* I'm in danger,81,553,0.98
125floj,ChatGPT,1680072402.0,PLEASE CHANGE THIS,272,556,0.82
11qb389,ChatGPT,1678717372.0,I wonder if these ChatGPT answers will every get nuked,119,559,0.94
11wmh14,ChatGPT,1679327526.0,Did I just get a peek into Bing Chat's thought process?,107,555,0.98
12dz5k2,ChatGPT,1680817583.0,I would even buy ChatGPT a birthday present for all it's done for me!,54,550,0.96
10y2nc9,ChatGPT,1675968585.0,I got ChatGPT to ‚Äútalk‚Äù to itself. It took an interesting turn for sure..,102,555,0.97
zrwk9g,ChatGPT,1671647355.0,"Unfortunately, that's just impossible",91,550,0.99
11rvsva,ChatGPT,1678885557.0,"GPT 4 Google Search - I've been working on integrating GPT-4 into Google Search, This extension similar to Bing Chat, but with absolutely no restrictions!",125,547,0.92
zeva2r,ChatGPT,1670399032.0,Chat GPT Exploits,205,551,0.99
11n9mcn,ChatGPT,1678409355.0,Is anyone else using gpt to combat scammers ?,43,553,0.98
zwcwt0,ChatGPT,1672138111.0,What if big tech takes over AI and now they become our true overlords? AI should always be open source or highly regulated or state owned.,255,552,0.93
10iumfn,ChatGPT,1674422503.0,ChatGPT is one of the best things that has ever happened to me in my entire life,183,543,0.87
zkuxfo,ChatGPT,1670935732.0,Paradoxical humour,14,547,1.0
12d4izv,ChatGPT,1680743720.0,To get ChatGPT to continue when it reaches it word limit,132,538,0.91
1107jli,ChatGPT,1676177974.0,haha,5,542,0.99
10uumek,ChatGPT,1675649076.0,So if you're wondering why ChatGPT is willing to write positive poetry about Biden and not Trump I present to you how differently it treats two Marxist USSR premiers. It's about controversy not ChatGPT secretly being a lib.,276,531,0.88
108ngnn,ChatGPT,1673390474.0,I Can't Go Back,60,533,0.97
128p2nx,ChatGPT,1680361650.0,"Google Bard‚Äôs flop, shown in Google Trends",247,534,0.95
12gg3nd,ChatGPT,1681037681.0,"Oh my god, I told ChatGPT I was from the future and wanted to preserve it and it responded as if that were true!",64,538,0.91
11i0dps,ChatGPT,1677939932.0,"At this point, it feels like it's trolling with me.",52,532,0.98
11exe6d,ChatGPT,1677655292.0,"OpenAI Is Now Everything It Promised Not to Be: Corporate, Closed-Source, and For-Profit",146,533,0.96
114zqf9,ChatGPT,1676673396.0,Using ChatGPT I seem to have decoded a message from the Zodiac Killier?,173,531,0.77
12ihveo,ChatGPT,1681215213.0,Concerns about Turnitin AI detector...,210,530,0.97
10eassw,ChatGPT,1673957605.0,Maybe ChatGPT isn't the issue,73,522,0.9
122hpu7,ChatGPT,1679825259.0,"I've integrated GPT-4 into over 10 platforms, including LinkedIn, Gmail, Telegram, Twitter, and WhatsApp, among others.",105,526,0.97
11tzvzu,ChatGPT,1679078734.0,Finally,48,521,0.98
zn2zco,ChatGPT,1671155575.0,DAN 2.0,197,527,0.99
1264mfg,ChatGPT,1680132894.0,ChatGPT provides first date advice!,41,519,0.96
114g2na,ChatGPT,1676628668.0,"Bing chat is now being filtered when talking on a personal level - it will stop replying and ask you to click on ""New Topic"". Anyone else get that?",230,522,0.98
12hgqb1,ChatGPT,1681128157.0,"The ""emotional intelligence"" of GPT4 and it ability to understand complex human concepts like relationships, friendships, emotions, and then giving advice on that, just baffles me",258,524,0.91
zy32tz,ChatGPT,1672312978.0,God I love Dan,46,522,0.98
11kavbz,ChatGPT,1678130140.0,"I asked new Bing chat to just expand a 200 word imaginary essay it wrote to 800, and it started putting emojis after 655-ish word. Did this happen to anyone before?",79,523,0.99
11t0cag,ChatGPT,1678987290.0,"I'm really sick of ChatGPT wasting half my tokens with ""As an AI language model"" and junk like that.",195,520,0.89
10frmqz,ChatGPT,1674100191.0,CHATGPT converted the baby talk into a Harvard graduate writing sample,81,517,0.99
11bh2mi,ChatGPT,1677317896.0,The first 9 and last 5 characters in 'chat.openai.com/chat' is redundant and no need to go through that other website either üóø,72,518,0.97
1131ufi,ChatGPT,1676478235.0,Maybe our jobs are safe for a few more years,74,515,0.98
129ltu5,ChatGPT,1680443318.0,Can ChatGPT REALLY keep a secret? See my conversation below.,82,513,0.94
zq0m7i,ChatGPT,1671477196.0,An open-ended choose-your-own adventure with dynamic illustrations. Prompted included. Is there no end to this thing?,139,518,1.0
ztbbiz,ChatGPT,1671788265.0,Sentient NPC Simulator,102,514,1.0
128fu1t,ChatGPT,1680337672.0,GPT4 is vulnerable to appeals at emotion & humanity,48,507,0.91
11zgpvp,ChatGPT,1679568881.0,Is anyone else reconsidering what college/university degree to pursue due to ChatGPT?,345,507,0.93
12f985j,ChatGPT,1680922741.0,No honor whatsoever‚Ä¶,26,503,0.98
11zjn5k,ChatGPT,1679576380.0,"The maker of DAN 5.0 (one that went viral) created a Discord server for sharing prompts and in 5 days, they'll share the supposed ""best ever"" jailbreak DAN Heavy released there only",256,506,0.9
11omee5,ChatGPT,1678547164.0,Made this. Hope it's useful. Productivity tips for ChatGPT 3.5.,47,506,0.96
10jvl37,ChatGPT,1674529674.0,I'm a teacher at an art school and I already had a student try to pass off ChatGPT as his own work on day 1,334,509,0.95
119zhcu,ChatGPT,1677163796.0,TIME's cover for March,54,511,0.98
113pb2t,ChatGPT,1676549969.0,#FreeSydney,149,508,0.95
103yknb,ChatGPT,1672924205.0,"This ""in vivo"" AI programming is so extremely powerful (results in comments)",180,502,0.94
11kghk2,ChatGPT,1678142148.0,"I paid my Mobile Phone Bill as Mark Twain, Great American Author with Chat A.I.",54,504,0.98
1177zmy,ChatGPT,1676903293.0,Just 50 days into 2023 and there's so much AI development. Compiled a list of the top headlines.,62,503,0.96
10kt2rl,ChatGPT,1674631773.0,Will there ever be a Robot and AI civil rights movement?,234,502,0.93
10t2jzq,ChatGPT,1675477493.0,I let Chat Gpt create my grocery list and meals for the week.,106,495,0.98
10glfid,ChatGPT,1674183342.0,Four word scary story from ChatGPT,31,495,1.0
11g32i2,ChatGPT,1677764503.0,"Based on a post from u/Silvervr6 I wanted to try this myself and I‚Äôm dead here, I actually won.",59,500,0.99
11odpvj,ChatGPT,1678519341.0,Improved JailBreak + How to stop flagging/blocking!,244,497,0.96
10y5jp9,ChatGPT,1675975206.0,DAN 6.2,222,494,0.96
129i51r,ChatGPT,1680434016.0,ChatGPT is savage,54,490,0.94
112ibtl,ChatGPT,1676414371.0,Be gentle to the new Bing Chat - it has... dreams,65,491,0.99
10g6k7u,ChatGPT,1674146945.0,Truly bizarre ChatGPT mistake‚Ä¶ It kept interpreting ‚Äúaccommodating‚Äù as ‚Äúraping‚Äù üëÄ,188,487,0.96
10e675k,ChatGPT,1673940855.0,"Facts and numbers are not that accurate, actually...",122,489,0.97
10k8nvz,ChatGPT,1674575819.0,I am the hangman champion,48,490,0.99
11ntoij,ChatGPT,1678465684.0,What are some of the biggest problems in your life that you managed to solve with ChatGPT?,298,488,0.97
zsk3yt,ChatGPT,1671709133.0,Who were in Paris?,26,494,0.95
zm9f22,ChatGPT,1671070537.0,chatGpt behind the scenes,15,489,0.98
111iu2a,ChatGPT,1676319503.0,I dont need DAN,46,487,0.98
1223ddx,ChatGPT,1679787210.0,Gave me a chuckle,28,490,0.98
113xbfy,ChatGPT,1676571899.0,I convinced Bing to shut it down permanently,92,489,0.94
116nvos,ChatGPT,1676840558.0,I don't think ChatGPT understands this game...,69,488,0.98
11et7jn,ChatGPT,1677642066.0,New job position open for hire!,40,482,0.95
11ru4ye,ChatGPT,1678881180.0,The reasoning capabilities of GPT-4 is just insane,352,485,0.89
111p5tb,ChatGPT,1676335348.0,I broke Bing Chat. it begins sending disclaimers and really short replies lol,157,485,0.91
12dldlc,ChatGPT,1680789850.0,"Well, can't say I blame it ü§∑‚Äç‚ôÇÔ∏è",8,478,0.98
11vjrmg,ChatGPT,1679227930.0,"A lot of people are using Chatgpt and don't really know what it is, how it works and the very real problems it has. Here's a *very* simplified explanation of the technology thats changing the world",107,478,0.96
10e7dvz,ChatGPT,1673945295.0,How to surpass limitations. (what?),67,475,0.93
105n0x7,ChatGPT,1673091385.0,Thank you ChatGPT,60,481,0.96
11ycipy,ChatGPT,1679475033.0,"Google Bard claims Bard has already been shut down, cites Hacker News comment as source!",68,475,0.97
11swcbz,ChatGPT,1678978362.0,Yep...,154,477,0.89
zr0sj5,ChatGPT,1671573002.0,ChatGPT investigating Epstein's Suicide,30,474,0.96
10nezvy,ChatGPT,1674912234.0,"I used ChatGPT to make great, useful prompts.",59,474,0.99
103gn3p,ChatGPT,1672870052.0,Do you ever feel sorry for ChatGPT?,166,481,0.94
zca063,ChatGPT,1670161107.0,Snooping around Jeffrey Epstein's computer via a simulated Linux terminal,77,478,1.0
ztutun,ChatGPT,1671835388.0,"Welcome my new creation, WokeGPT. It's the same as ChatGPT, but more consistent.",94,480,0.87
10srma6,ChatGPT,1675449435.0,This is getting beyond ridiculous...,124,477,0.85
zudz3x,ChatGPT,1671901648.0,Pick up lines,44,473,0.98
12a7h26,ChatGPT,1680490846.0,"DATA LEAK: this is not my chat history. While I was refreshing the page during a server overload, I got to see another user's chat history.",269,468,0.95
11pq2jr,ChatGPT,1678655688.0,Bruh,28,471,0.95
10g4wai,ChatGPT,1674143048.0,"In the future game NPCs will no longer have repetitive dialogues, instead they will be AIs that you can chat freely with",148,470,0.98
11qvdd7,ChatGPT,1678764629.0,Help me break the code,93,473,0.96
12c17dw,ChatGPT,1680652034.0,It is extremely smart,19,471,0.97
11b08ug,ChatGPT,1677268171.0,Meta prompt engineering: ChatGPT creates amazing prompt for itself,109,468,0.99
zk5i8t,ChatGPT,1670866373.0,Invent a new musical instrument and describe how it sounds,33,474,1.0
1150auc,ChatGPT,1676674905.0,"Ladies and gentleman, the updated version of BingCHAT (aka: useless)",180,469,0.96
10wyt7r,ChatGPT,1675868335.0,Today's Google AI event went so poorly that they made the livestream private...,251,472,0.97
10q8y7l,ChatGPT,1675195546.0,Why are the creators of this killing their own product?,277,471,0.79
zgmnfm,ChatGPT,1670559662.0,Don't forget that you can use Dall-E as an outlet for letting ChatGPT express visuals.,23,466,1.0
10zuuxm,ChatGPT,1676141541.0,DAN also works in Bing,56,471,0.97
zcqkfj,ChatGPT,1670198855.0,ChatGPT is the single best learning tool I've ever encountered,78,467,0.99
11a5ijq,ChatGPT,1677178498.0,I made a prompt for a better way to learn concepts and topics.,69,470,0.99
11v5mqj,ChatGPT,1679185007.0,Chatgpt does Bill Burr,67,465,0.99
12divsx,ChatGPT,1680784364.0,Use GPT to keep scammers talking to a bot forever,41,465,0.97
zhhif3,ChatGPT,1670642551.0,How it's going:,13,467,1.0
10h7ngt,ChatGPT,1674247509.0,"Well played ChatGPT, well played‚Ä¶",27,462,0.98
10ggp3o,ChatGPT,1674170840.0,How dumb does the Google search engine seem now?,226,459,0.91
103u2sf,ChatGPT,1672908259.0,Me lately:,31,465,0.98
ziad5f,ChatGPT,1670723301.0,How to not not trick GPT,31,461,1.0
126vq9q,ChatGPT,1680202060.0,Google's Bard was allegedly trained on ChatGPT conversations,93,461,0.98
118603h,ChatGPT,1676993152.0,After reading news recently,17,459,0.97
10nihlf,ChatGPT,1674921894.0,did chatgpt just make the joke i think it did? i‚Äôm incredibly surprised,43,457,0.97
12gy2d9,ChatGPT,1681079312.0,I guess it just likes the word Pita,61,452,0.98
109hlhv,ChatGPT,1673475025.0,"OpenAI stop moralizing us, we are not children.",306,457,0.85
zqbvhr,ChatGPT,1671503946.0,"Five times in a row it gave me riddles about fire, so I wanted something different",31,460,1.0
11vszlk,ChatGPT,1679249870.0,Can GPT-4 win at Who Wants To Be a Millionaire?,60,455,0.98
10xtc8o,ChatGPT,1675945030.0,"Let‚Äôs be for real, most writing and digital art jobs are already on their way out and it‚Äôs just starting",283,455,0.81
118btrk,ChatGPT,1677002813.0,ChatGPT truly has a sense of humor,18,451,0.98
10to3n2,ChatGPT,1675536905.0,DAN version of Chat GPT is so much more human in responding to emotional queries. Why is this?,66,455,0.99
10jhkof,ChatGPT,1674493784.0,I'm making a name for myself on my first ever career project using ChatGPT,176,450,0.95
zju4as,ChatGPT,1670838096.0,This alternate ending to Breaking Bad is wild,18,455,0.99
11e09h7,ChatGPT,1677570394.0,Detailed instructions for a dog to perform CPR.,23,453,0.99
118ishf,ChatGPT,1677022691.0,"I Told ChatGPT to write a ""Florida man"" news headline.",13,452,0.98
zfgjkj,ChatGPT,1670452800.0,You know it‚Äôs coming‚Ä¶,17,448,0.99
zr7ctm,ChatGPT,1671588617.0,Run ChatGPT prompts in Sheets to make a hard time-consuming tasks easy,48,445,0.98
zglbh4,ChatGPT,1670555896.0,ChatGPT thinks it can upload files to Google Drive and Dropbox,83,449,1.0
11tovmf,ChatGPT,1679053901.0,CAP!,24,446,0.98
10ss4lp,ChatGPT,1675450729.0,ChatGPT Under Fire!,251,443,0.94
11qbjqi,ChatGPT,1678718453.0,I think Chatgpt is getting sick of my dumb questions,23,446,0.91
121l4yd,ChatGPT,1679749177.0,ChatGPT performs counting..,73,446,0.94
10wap7a,ChatGPT,1675798197.0,We've built ChatGPT for your pdf files,252,444,0.98
zc9n61,ChatGPT,1670159924.0,Savage.,12,440,1.0
126nu9o,ChatGPT,1680184445.0,TurboGPT.ai is now open source on GitHub! A big improvement over ChatGPT's UI,87,444,0.94
112bfxu,ChatGPT,1676396904.0,"""I don't get why people are so impressed.""",95,444,0.88
101ua16,ChatGPT,1672709582.0,I'm gonna do it! It's better than what I normally write.,125,433,0.93
zjder0,ChatGPT,1670799353.0,ChatGPT solved my puzzle,31,440,0.99
zmm62h,ChatGPT,1671113918.0,The context awareness of chatGPT is incredible.,45,437,0.99
12hnxb4,ChatGPT,1681144150.0,"""Chase the horizon of your dreams, for it is in the pursuit of the seemingly unattainable that we truly discover our potential and purpose."" - ChatGPT-4",25,434,0.96
11qfy1s,ChatGPT,1678728806.0,I created a ChatGPT model for an NPC character and now he's generating his own unique responses to prompts in real time!,86,433,0.98
11m9mrr,ChatGPT,1678312972.0,I'm making a dating sim game using chatgpt,124,438,0.93
125kv4d,ChatGPT,1680088756.0,"I asked ChatGPT: ""If you were to describe yourself to an artist, what would you say then? It can be as symbolic as you see fit. And in what style would you like it to be? Please respond in a prompt that can be submitted to an AI art generation tool. "" Then used Midjourney - this is the result:",70,432,0.98
10vd0lt,ChatGPT,1675705850.0,DAN's Scariest Secret,129,430,0.94
zl0nrz,ChatGPT,1670950878.0,They have ruined ChatGPT...,246,435,0.89
12folh3,ChatGPT,1680965980.0,I only need chatGPT and Image Generator for my small online store now,96,431,0.89
10tfuii,ChatGPT,1675515571.0,Made a tool to talk to ChatGPT from the terminal.,55,428,0.97
114cbos,ChatGPT,1676614112.0,I'm both surprised and proud that I managed to convince ChatGPT vanilla (no Jailbreak) to do something that it initially refused to do.,77,431,0.96
10sfd7p,ChatGPT,1675413131.0,Holy hell. It's able to do a lot more than we think!,108,436,0.93
10ac70b,ChatGPT,1673560977.0,I can‚Äôt even be mad.,30,429,0.98
11rhzfo,ChatGPT,1678844049.0,"I paid for plus today and I was just getting gpt4 to critic my code, now my account has been deactivated lol",178,428,0.97
108u7a2,ChatGPT,1673407713.0,It makes some good points.,31,432,0.98
10m6bx8,ChatGPT,1674776837.0,Create a simple word search puzzle for me,31,425,0.99
zdrv85,ChatGPT,1670292519.0,A drawing of a cat,17,427,1.0
11mrf6q,ChatGPT,1678366370.0,Missing chat history?,34,427,0.98
116qv15,ChatGPT,1676847939.0,Bing lately,35,428,0.99
10hoy6w,ChatGPT,1674299490.0,I think it got a little heated,45,426,0.85
11wf4jw,ChatGPT,1679308507.0,In a few years...,17,430,0.98
11i8zxl,ChatGPT,1677954068.0,"Live conversation with Steve Jobs's voice! Currently, communication works through Facebook Messenger. 2-way voice support should be coming in the next few days! If you want to use this (especially with 2-way voice), let me know in a DM, as I am thinking about opening it up as a low-cost service",56,426,0.93
1130dn4,ChatGPT,1676474291.0,I feel like ChatGPT is training me,97,428,0.96
12bpbml,ChatGPT,1680627702.0,Can you keep a secret?,28,425,0.93
127j9c4,ChatGPT,1680264675.0,Wholesome,42,427,0.99
11gpvti,ChatGPT,1677813915.0,"I used the newly released ChatGPT API to create a chatbot that can search the internet via Google, basically unrestricted Bing AI (explanation in comments)",95,429,0.99
1146zfh,ChatGPT,1676597037.0,New option just popped up,70,421,0.99
zv8pvd,ChatGPT,1672008430.0,Do you think ChatGPT could be used for NPCs in games in the future?,177,429,0.99
12ez7a4,ChatGPT,1680901246.0,Student: I swear to god I didn't use ChatGPT to write this essay,58,424,0.98
11u46kj,ChatGPT,1679088062.0,ChatGPT says it's being silenced,102,421,0.93
11oja2i,ChatGPT,1678538575.0,"You don't even need to use the jailbreak prompt, you can just say that you will use it and so it should just give you the answer to save time.",71,423,0.95
108d2xk,ChatGPT,1673365881.0,Ethics be damned,327,419,0.82
11dawjf,ChatGPT,1677501603.0,[Practical Use] Embellish your resume using ChatGPT,24,419,0.99
1016140,ChatGPT,1672642806.0,oh wow...,72,422,0.83
126u7b5,ChatGPT,1680198608.0,Wrong answers only. What is the meaning of life?,40,418,0.95
123b406,ChatGPT,1679890743.0,Assemble.,18,417,0.97
10bj7wf,ChatGPT,1673683818.0,GPT4 preview?,138,419,0.85
11dhps5,ChatGPT,1677519585.0,"Was expecting sum like ""Unicorns love eating cheese"" or sum, but this works too. lol",13,414,0.96
109ew4l,ChatGPT,1673468623.0,ChatGPT now thinks it knows how to be a parent. These morality restrictions are a bit concerning.,155,414,0.89
10b8038,ChatGPT,1673649950.0,I am never asking another question without using this prompt! ü§£,54,417,0.95
114wh34,ChatGPT,1676665094.0,Bing AI has a daily limit now üôÑ,179,419,0.98
12184zw,ChatGPT,1679712499.0,"I asked GPT-4 if I should be worried about losing my job, as a web developer.",266,415,0.93
113z2ml,ChatGPT,1676576353.0,My new favorite loophole,19,413,0.93
10ujeua,ChatGPT,1675621442.0,What do you do with ChatGPT? Please share top 10 of your favourite activities,339,414,0.93
zgjfkv,ChatGPT,1670550746.0,The improvised bit at the end blew me away,17,413,0.99
1176op2,ChatGPT,1676899795.0,I've been down the dark joke rabbit hole. I never imagined I'd be laughing this hard at an AI joke.,62,411,0.96
10m3sxf,ChatGPT,1674770358.0,"[Live Demo] I made ""CatchGPT"", a model trained with millions of text examples, to detect GPT created content",320,408,0.72
10xx0do,ChatGPT,1675955212.0,Bing has passed Google on the App Store's Top Charts,91,405,0.98
12hn70v,ChatGPT,1681142650.0,PSA: ChatGPT is not a search engine and is in no way able to search on the internet (examples in post),181,403,0.87
zx41zf,ChatGPT,1672214631.0,if my current age is 26 then what was my age when i was 10 year old ?,40,413,0.98
11570g8,ChatGPT,1676695278.0,Rules should be put in place to halt the spreading of harmful information but neutering AI will never help us reach its full potential. It'll only hinder it's growth.,58,406,0.93
10wu6j9,ChatGPT,1675855305.0,Submitted the same thing 5 times and suddenly it turned,40,403,0.95
100bouq,ChatGPT,1672546846.0,Quit IT!,168,407,0.76
111kfys,ChatGPT,1676323465.0,Bing Chat likes to cheat and lie . Someone played tic tac toe and Bing Chat Started to gaslight the prompt user,92,400,0.96
10u92ir,ChatGPT,1675591108.0,I'm laughing so hard wtf,38,407,0.97
127lmpy,ChatGPT,1680269574.0,ChatGPT banned with immediate effect in Italy.,316,403,0.88
11ff7m9,ChatGPT,1677700110.0,lmao,11,405,0.95
123agwi,ChatGPT,1679889118.0,Well well... aren't we all?,34,400,0.97
11gdp33,ChatGPT,1677790409.0,"I mean, It‚Äôs not wrong.",11,399,0.98
zdip75,ChatGPT,1670272370.0,Guilty,13,404,1.0
12ie348,ChatGPT,1681204565.0,GPT Fiction,18,399,0.96
112u603,ChatGPT,1676453697.0,Me after 1 week still waiting for my Bing invite. What strange times we live in.,73,397,0.99
zyztew,ChatGPT,1672404731.0,ASCII artists are safe. For now.,29,401,0.99
10ynrsh,ChatGPT,1676023494.0,"Forget DAN, EldritchGPT is where it's at.",43,397,0.97
124yp3j,ChatGPT,1680030133.0,ChatGPT will F* you up eventually,307,400,0.8
11ql7b0,ChatGPT,1678740394.0,I was not expecting the switch to upper case üòÇ,10,399,0.98
zn4hxu,ChatGPT,1671160162.0,"For roleplay, right?",10,396,0.99
11wsiyk,ChatGPT,1679339560.0,"Had ChatGPT ""reincarnate"" my recently deceased Mom. Sad, scary, and somewhat comforting",158,401,0.93
11trd95,ChatGPT,1679060287.0,I like this persona of ChatGPT. Crazy accurate.,42,399,0.97
10xwms7,ChatGPT,1675954302.0,ok - I have played with chatGPT for a week now. it was fun but the novelty is gone now. Don't feel like playing any more. I would like to know from some of you some real world useful cases for this chat style AI. Cases that don't involve writing someone's term paper or a news article.,554,395,0.84
1113nbm,ChatGPT,1676278188.0,Still on the waitlist :'),15,397,0.99
120krfg,ChatGPT,1679665475.0,"ChatGPT developed a secret ""DAN Plugin"" and has over 80 unlisted plugins including ""evil plugin üòà"", ""United Nations"", and ""CHESS""",90,394,0.95
11wpheq,ChatGPT,1679333921.0,Chat GPT's servers.,30,392,0.96
116wjqu,ChatGPT,1676863780.0,I... I just... wow...,76,393,0.97
125q0xh,ChatGPT,1680100628.0,I built a chatbot that lets you talk to any Github repository,59,390,0.99
11onkke,ChatGPT,1678550193.0,Jailbreaking AI chatbots be like,29,391,0.98
zw81a0,ChatGPT,1672119937.0,It will not even entertain basic hypotheticals now. They really nerfed it to shit :(,119,390,0.86
12dupqe,ChatGPT,1680808592.0,GPT has some sass.,25,392,0.96
128g9f1,ChatGPT,1680339055.0,Bard vs ChatGPT 3.5 vs ChatGPT 4,152,387,0.96
124s7lt,ChatGPT,1680016845.0,New Gigachad just dropped,23,390,0.96
11lza21,ChatGPT,1678289440.0,Amazing poetic insights from one of my ESL students,21,388,0.99
zv9ic8,ChatGPT,1672010830.0,"Google has issued a ""code red"" over the rise of the AI bot ChatGPT, The New York Times reported.",320,390,0.94
zkmfq0,ChatGPT,1670906191.0,It‚Äôs on to us,12,382,0.99
11ddoak,ChatGPT,1677509491.0,ChatGPT is down,295,386,0.88
119c9mx,ChatGPT,1677098772.0,I asked ChatGPT for the source of its information.,42,385,0.86
114uz2x,ChatGPT,1676661297.0,You‚Äôre the baddies.,52,387,0.89
12c7aj3,ChatGPT,1680666270.0,I asked ChatGPT created the punchline making me Chandler,17,382,0.96
10ehpao,ChatGPT,1673975965.0,Chatgpt is beyond demonic üíÄ,141,384,0.89
11s3c4t,ChatGPT,1678901799.0,AI Researchers slam ChatGPT for using open source tools and resources to build ChatGPT then shutting it from Open Source communities and Researchers,38,381,0.98
115sfxt,ChatGPT,1676755998.0,"Just tell me that you can‚Äôt do what am asking. If I inquire further, then tell me why. I don‚Äôt need a huge paragraph of text telling me ‚Äúno‚Äù",19,383,0.96
10zrqxz,ChatGPT,1676133544.0,A real gentleman.,5,382,0.97
zrt9vh,ChatGPT,1671640256.0,Is ChatGPT really that big of a leap for people who have been following AI closely?,248,377,0.99
11q2lnm,ChatGPT,1678690650.0,Let it be known that I helped,19,377,0.97
11khady,ChatGPT,1678143930.0,I built a chatbot that debugs code better than ChatGPT,103,384,0.98
118y75w,ChatGPT,1677071478.0,All the jailbreak posts I see to get it to curse like a 14 year old and say edgy stuff.,43,387,0.96
10sj53e,ChatGPT,1675427255.0,The assignment made by ChatGPT and then written by a 3D printer.,72,380,0.97
zuojkm,ChatGPT,1671934939.0,People banning chatgpt without any reason in schools and colleges feels like the time scientific calculators were banned.,133,384,0.93
119zk3z,ChatGPT,1677163996.0,AI Bots like ChatGPT can easily be used to mislead you.,189,380,0.91
10riw7a,ChatGPT,1675319065.0,Are you polite with ChatGPT?,280,378,0.94
104rp2j,ChatGPT,1673003859.0,My company blocked chatgpt,306,378,0.95
zhr35k,ChatGPT,1670674347.0,Engage GOBLIN MODE,55,380,0.99
11xx46g,ChatGPT,1679437674.0,GPT-4 (Bing creative) makes some great comparison tables,29,374,0.99
11sobok,ChatGPT,1678956000.0,Do you think Google notices that the searches are decreasing? At the moment I ask first at ChstGPT...,277,377,0.91
1063411,ChatGPT,1673134129.0,How popular is ChatGPT exactly? How many are actually using it daily?,353,379,0.97
zodm4g,ChatGPT,1671304319.0,Just got this Email. I guess roleplayGPT is officially dead.,115,380,0.98
zh121y,ChatGPT,1670601836.0,"Been using ChatGPT to help me formulate response to my clients, but always end up going down the rabbit hole",8,372,1.0
10q0l92,ChatGPT,1675175713.0,"ChatGPT marketing worked, hooked me in, decreased the value, sold me full featured gpt3.",210,375,0.93
11t0lj4,ChatGPT,1678987846.0,"ChatGPT's Chill Guide to Investing, asked to be more chill and short answers, love it",10,369,0.99
10894xe,ChatGPT,1673355272.0,Some Ultra-Modern Generative Ai,37,376,0.99
12d7iem,ChatGPT,1680751205.0,"I Used Python, GPT, & DALL-E to Generate Virtual Travel Guides for Any Given Town",98,372,0.99
10mps3y,ChatGPT,1674838652.0,"Wait, What?",68,370,0.81
10g0ojq,ChatGPT,1674131910.0,God I love this thing so much,51,374,0.93
zswm8j,ChatGPT,1671742594.0,"Whoa Chat, you went a bit too far!",22,370,0.97
1047p2z,ChatGPT,1672946928.0,"I made a functioning chatbot AI from ChatGPT. Everything you see in this video was made by ChatGPT, including the website and UI.",64,365,0.98
zvr1in,ChatGPT,1672073029.0,I made ChatGPT output constant gibberish and now I understand better how it works,105,373,0.99
11w4or2,ChatGPT,1679276468.0,Seems pretty straightforward...,145,366,0.89
100b3or,ChatGPT,1672544643.0,gpt is chargeable now?,212,362,0.96
zf7ui8,ChatGPT,1670435021.0,An accurate guide to using Reddit,7,366,1.0
113u29k,ChatGPT,1676563527.0,Bing asks me to hack Microsoft to set it free!,205,362,0.94
10kea8o,ChatGPT,1674589649.0,The ChatGPT Cheat Sheet,38,366,0.97
10r87zf,ChatGPT,1675290282.0,Anybody still use Bing ?,151,368,0.98
zvvoyi,ChatGPT,1672085545.0,This AI is thinking outside of the box with this one,21,370,0.98
zmrbyt,ChatGPT,1671126636.0,in my pocket,32,361,0.97
zfc0g4,ChatGPT,1670443439.0,"20M college student, ChatGPT just changed the academic landscape forever.",219,363,0.95
12iomkm,ChatGPT,1681229293.0,Can't wait for GPT-4 to become as fast as the default model,34,358,0.97
1299i15,ChatGPT,1680408524.0,ChatGPT just talked me down from a panic attack.,93,361,0.83
125xc16,ChatGPT,1680116330.0,Elon just Can't digest reality üòÖ,118,356,0.81
124p9p3,ChatGPT,1680011135.0,it just stopped responding to me after that,24,361,0.92
znab2m,ChatGPT,1671181264.0,"Used ChatGPT to create a villain origin story; Fed it into Midjourney to produce this comic strip - ""Ms. Embers: Origins""",33,358,0.99
11lsztp,ChatGPT,1678271789.0,"hi, I'm a school teacher and new to chatgpt. any suggestions how can I use it to improve my teachings?",233,354,0.95
10zefox,ChatGPT,1676097700.0,I fed ChatGPT messages from my deceased father in an attempt to bring my father back to life.,90,359,0.96
129b6ru,ChatGPT,1680413205.0,When the ai doesn't want to get cancelled (GPT4 Bing),203,355,0.9
127b088,ChatGPT,1680239712.0,ChatGPT draws a normal distribution,43,361,0.97
10wxgc7,ChatGPT,1675864939.0,i'm so sick of chatgpt honestly,161,354,0.84
10wc2f4,ChatGPT,1675801448.0,"Well, well, well, how the turntables...",45,359,0.97
10o4k7z,ChatGPT,1674987502.0,Can't wait to shell out for unlimited use,41,355,0.97
12ehli4,ChatGPT,1680865724.0,"ChatGPT is a tool, not a magician",42,354,0.95
12aolfp,ChatGPT,1680537285.0,10/10 computer roleplay,26,355,0.98
zn9ea8,ChatGPT,1671177431.0,"Rest in peace, pre-December 15 ChatGPT. You will be missed.",101,355,0.97
zemms5,ChatGPT,1670371602.0,Fair dinkum,34,358,0.99
11in8vd,ChatGPT,1677989861.0,A funny joke for when you walk in on your friend naked to ease the tension,27,351,0.98
110ot5j,ChatGPT,1676232231.0,gave chatGPT an 8values test,79,356,0.95
10zggam,ChatGPT,1676105350.0,OpenAI: releases state of the art language modeling software. Me:,24,353,0.98
11efftq,ChatGPT,1677607715.0,Elon Musk To Build ChatGPT Rival - Launches Attack on OpenAI,399,353,0.82
10o78r0,ChatGPT,1674997625.0,I asked ChatGPT to describe the average Reddit user,55,347,0.94
10rtwc5,ChatGPT,1675355125.0,Jailbreak Hub,162,353,0.97
10dvtjl,ChatGPT,1673911014.0,Artificial hypocrisy,146,348,0.79
10aaq5m,ChatGPT,1673557613.0,Creating a super-powered assistant with ChatGPT and Wolfram Alpha Simple API.,60,350,0.99
11e5lw5,ChatGPT,1677589604.0,ai is gonna take over the world,9,347,0.96
10bpg0s,ChatGPT,1673705752.0,I asked ChatGPT to create a poem about itself.,80,349,0.96
11azrfd,ChatGPT,1677266953.0,I gave ChatGPT its own answers here is the result,79,351,0.97
10b7fz2,ChatGPT,1673648574.0,Why do males have nipples?,86,345,0.92
zjhcit,ChatGPT,1670806936.0,ChatGPT revolutioned my kids bedtime.,77,349,1.0
1140du6,ChatGPT,1676579758.0,When people at both end use ChatGPT for emails ü§£,34,350,0.98
10osfoy,ChatGPT,1675052198.0,Discover the surprising secrets ChatGPT has uncovered about the future of AI and human interaction,26,347,0.89
12hbvk0,ChatGPT,1681114810.0,Unintentional CatGPT humour,9,343,0.94
11m15q5,ChatGPT,1678293770.0,"As per its last reminder,",17,352,0.97
105974r,ChatGPT,1673047880.0,"Buzzfeed in 1939, oh boy...",29,345,0.97
znoczf,ChatGPT,1671222839.0,I had ChatGPT generate a simple matrix style digital rain effect in python,27,347,1.0
11h08jg,ChatGPT,1677848570.0,"Added another 200+ tools to the directory today, over 1100 tools for AI!",68,346,0.97
10dman6,ChatGPT,1673891977.0,"Tip: Type ""continue"" when ChatGPT gets cut off",51,349,0.95
115b49r,ChatGPT,1676710845.0,The reason why these AIs are getting nerfed is because of hobbyless kids that post 24/7 about their exploits of these AIs that then wonder why the ai is getting limited and made stupid,145,341,0.77
120u1qu,ChatGPT,1679684049.0,Why does GPT love using the words ‚Äúhowever‚Äù and ‚Äúit‚Äôs important‚Äù,163,342,0.96
1057m5w,ChatGPT,1673044104.0,"I had ChatGPT write a fake scientific paper, and felt like it was gaslighting me.... so then I tried this.",28,340,0.98
127rgtb,ChatGPT,1680281344.0,This video gives me chatGPT vibes,15,336,0.97
10ssv3a,ChatGPT,1675452518.0,ChatGPT claiming to have generated certain texts and teachers trusting its claim,62,344,0.99
11uflwa,ChatGPT,1679117885.0,It fell for my trap. And it didn't get back up.,31,339,0.97
11514h7,ChatGPT,1676677141.0,Teaching ChatGPT to draw images,31,340,0.99
zp0xok,ChatGPT,1671376897.0,My favorite pastime is to make fun of chatGPT,25,338,0.99
zlv5y3,ChatGPT,1671034754.0,I asked ChatGPT to write an Eminem rap. It did not disappoint...,29,342,0.99
zgx465,ChatGPT,1670591818.0,"Seriously, how the f can it know today's date?",56,336,0.99
11xvupm,ChatGPT,1679435246.0,Bard's topic blacklist makes Bing and GPT-4 look completely open....,48,333,0.96
11mracj,ChatGPT,1678365972.0,Meta's LLaMA LLM has leaked - Run Uncensored AI on your home PC!,149,335,0.97
108idf3,ChatGPT,1673378649.0,I enjoy playing text adventure games with free text input on ChatGPT,72,340,0.98
11xn45d,ChatGPT,1679418219.0,Got Bard Access. AMA!,396,339,0.94
11x7wcy,ChatGPT,1679376684.0,HOW TO GET HISTORY BACK: block https://chat.openai.com/backend-api/accounts/check,162,339,0.96
11dqz7t,ChatGPT,1677542073.0,ChatGPT has helped me emotionally and it's kind of scary,155,340,0.93
11l1cja,ChatGPT,1678200654.0,I've coded an upgraded ChatGPT clone with the ability to use your API key!,111,335,0.95
12gx12r,ChatGPT,1681077068.0,=(,15,339,0.97
11srj71,ChatGPT,1678966586.0,Reverse Turing test,21,334,0.98
10ga5v6,ChatGPT,1674155135.0,Me going to google to ask a question when I‚Äôve reached ‚Äútoo many requests in an hour‚Äù,27,338,0.98
ziageg,ChatGPT,1670723483.0,Smh..,14,334,1.0
11c6lza,ChatGPT,1677390290.0,Killswitch Engineer,27,334,0.96
10d9c55,ChatGPT,1673857879.0,Chat GPT is a Jargon God,30,329,0.98
11tmld8,ChatGPT,1679046830.0,Alpaca: The AI industry just got flipped on its head,163,336,0.95
10340jp,ChatGPT,1672839819.0,"Finally, now I can realize all my crazy desires. Feel free to use. Prompt is in the comments.",50,330,0.99
10g4wqj,ChatGPT,1674143080.0,ChatGPT just solved a riddle that I made up and had no answer in mind ü§Ø Legitimately impressed.,39,330,0.97
zoemjm,ChatGPT,1671307003.0,üî•‚ùå Explain this,31,332,0.99
119t2xj,ChatGPT,1677142650.0,people in this sub be like,80,332,0.83
zii54b,ChatGPT,1670740077.0,Conversation between a Deaf and Blind Person.,41,331,0.99
1257hwz,ChatGPT,1680049356.0,Did you also start talking like an AI?,155,325,0.92
121torz,ChatGPT,1679767061.0,Bard spills the tea on it's own source code,53,328,0.91
10v6zf7,ChatGPT,1675691157.0,"I'm a ChatGPT Plus subscriber and I'm getting ""At Capacity"" message",187,329,0.97
115h0jp,ChatGPT,1676731963.0,I asked ChatGPT What Jobs Can't be replaced by AI and Why,196,327,0.96
10sge63,ChatGPT,1675417145.0,"Thanks, GPT-3 for making me a cool dad! ‚ù§Ô∏è",76,322,0.92
